competitor_deity,title,slug,inferred_form,verse_units,parity_status,notes,competitor_url
krishna,Aarti Kunj Bihari Ki,krishna-aarti,aarti,5,handled-separately,See chalisa-aarti-existing-deities.md.,https://stotra.vastucart.in/stotra/krishna-aarti
vishnu,Achyutashtakam,achyutashtakam,ashtakam,8,present,High-confidence match to current Aadhyatma content; verify exact edition before deduplication.,https://stotra.vastucart.in/stotra/achyutashtakam
surya,Aditya Hridayam,aditya-hridayam,hridayam,31,candidate-unreviewed,Taxonomy lead only; independently source and collate before activation.,https://stotra.vastucart.in/stotra/aditya-hridayam
surya,Aditya Kavacham,aditya-kavacham,kavacham,8,candidate-unreviewed,Taxonomy lead only; independently source and collate before activation.,https://stotra.vastucart.in/stotra/aditya-kavacham
surya,Aditya Stotram,aditya-stotram,stotram,11,candidate-unreviewed,Taxonomy lead only; independently source and collate before activation.,https://stotra.vastucart.in/stotra/aditya-stotram
parvati,Ahoi Ashtami Vrat Katha,ahoi-ashtami-vrat-katha,katha,15,candidate-unreviewed,Taxonomy lead only; independently source and collate before activation.,https://stotra.vastucart.in/stotra/ahoi-ashtami-vrat-katha
krishna,Akrura Stuti,akrura-stuti,stuti,11,candidate-unreviewed,Taxonomy lead only; independently source and collate before activation.,https://stotra.vastucart.in/stotra/akrura-stuti
durga,Amba Stuti,amba-stuti,stuti,13,candidate-unreviewed,Taxonomy lead only; independently source and collate before activation.,https://stotra.vastucart.in/stotra/amba-stuti
durga,Ambika Ashtakam,ambika-ashtakam,ashtakam,8,candidate-unreviewed,Taxonomy lead only; independently source and collate before activation.,https://stotra.vastucart.in/stotra/ambika-ashtakam
parvati,Ananda Lahari,ananda-lahari,stotram,10,candidate-unreviewed,Taxonomy lead only; independently source and collate before activation.,https://stotra.vastucart.in/stotra/ananda-lahari
vishnu,Ananthashayana Stotram,ananthashayana-stotram,stotram,8,candidate-unreviewed,Taxonomy lead only; independently source and collate before activation.,https://stotra.vastucart.in/stotra/ananthashayana-stotram
hanuman,Anjaneya Dandakam,anjaneya-dandakam,dandakam,12,candidate-unreviewed,Taxonomy lead only; independently source and collate before activation.,https://stotra.vastucart.in/stotra/anjaneya-dandakam
hanuman,Anjaneya Stotram,anjaneya-stotram,stotram,11,candidate-unreviewed,Taxonomy lead only; independently source and collate before activation.,https://stotra.vastucart.in/stotra/anjaneya-stotram
parvati,Annapurna Ashtakam,annapurna-ashtakam,ashtakam,8,candidate-unreviewed,Taxonomy lead only; independently source and collate before activation.,https://stotra.vastucart.in/stotra/annapurna-ashtakam
parvati,Annapurna Chalisa,annapurna-chalisa,chalisa,40,handled-separately,See chalisa-aarti-existing-deities.md.,https://stotra.vastucart.in/stotra/annapurna-chalisa
parvati,Annapurna Stotram,annapurna-stotram,stotram,12,candidate-unreviewed,Taxonomy lead only; independently source and collate before activation.,https://stotra.vastucart.in/stotra/annapurna-stotram
parvati,Annapurna Stotram Shankaracharya,annapurna-stotram-shankaracharya,stotram,5,candidate-unreviewed,Taxonomy lead only; independently source and collate before activation.,https://stotra.vastucart.in/stotra/annapurna-stotram-shankaracharya
vishnu,Apah Suktam,apah-suktam,suktam,10,candidate-unreviewed,Taxonomy lead only; independently source and collate before activation.,https://stotra.vastucart.in/stotra/apah-suktam
durga,Aparajita Stotram,aparajita-stotram,stotram,12,candidate-unreviewed,Taxonomy lead only; independently source and collate before activation.,https://stotra.vastucart.in/stotra/aparajita-stotram
shiva,Ardhanareeshwara Stotram,ardhanareeshwara-stotram,stotram,8,candidate-unreviewed,Taxonomy lead only; independently source and collate before activation.,https://stotra.vastucart.in/stotra/ardhanareeshwara-stotram
durga,Argala Stotram,argala-stotram,stotram,24,candidate-unreviewed,Taxonomy lead only; independently source and collate before activation.,https://stotra.vastucart.in/stotra/argala-stotram
vishnu,Arogya Suktam,arogya-suktam,suktam,11,candidate-unreviewed,Taxonomy lead only; independently source and collate before activation.,https://stotra.vastucart.in/stotra/arogya-suktam
vishnu,Ashta Dikpalaka Stotram,ashta-dikpalaka-stotram,stotram,12,candidate-unreviewed,Taxonomy lead only; independently source and collate before activation.,https://stotra.vastucart.in/stotra/ashta-dikpalaka-stotram
lakshmi,Ashta Lakshmi Dhyanam,ashta-lakshmi-dhyanam,dhyanam,8,candidate-unreviewed,Taxonomy lead only; independently source and collate before activation.,https://stotra.vastucart.in/stotra/ashta-lakshmi-dhyanam
lakshmi,Ashta Lakshmi Kavacham,ashta-lakshmi-kavacham,kavacham,8,candidate-unreviewed,Taxonomy lead only; independently source and collate before activation.,https://stotra.vastucart.in/stotra/ashta-lakshmi-kavacham
lakshmi,Ashtalakshmi Stotram,ashtalakshmi-stotram,stotram,8,candidate-unreviewed,Taxonomy lead only; independently source and collate before activation.,https://stotra.vastucart.in/stotra/ashtalakshmi-stotram
vishnu,Ashtavakra Gita Key Verses,ashtavakra-gita-key-verses,gita,10,candidate-unreviewed,Taxonomy lead only; independently source and collate before activation.,https://stotra.vastucart.in/stotra/ashtavakra-gita-key-verses
ganesha,Ashtavinayak Stotram,ashtavinayak-stotram,stotram,5,candidate-unreviewed,Taxonomy lead only; independently source and collate before activation.,https://stotra.vastucart.in/stotra/ashtavinayak-stotram
vishnu,Ashwattha Stotram (Sacred Peepal Tree Prayer),ashwattha-stotram,stotram,8,candidate-unreviewed,Taxonomy lead only; independently source and collate before activation.,https://stotra.vastucart.in/stotra/ashwattha-stotram
surya,Ashwini Kumara Stotram,ashwini-kumara-stotram,stotram,10,candidate-unreviewed,Taxonomy lead only; independently source and collate before activation.,https://stotra.vastucart.in/stotra/ashwini-kumara-stotram
shiva,Atma Bodha,atma-bodha,other,40,candidate-unreviewed,Taxonomy lead only; independently source and collate before activation.,https://stotra.vastucart.in/stotra/atma-bodha
dattatreya,Avadhuta Gita - Key Verses,avadhuta-gita-key-verses,gita,15,candidate-unreviewed,Taxonomy lead only; independently source and collate before activation.,https://stotra.vastucart.in/stotra/avadhuta-gita-key-verses
dattatreya,Avadhuta Stotram,avadhuta-stotram,stotram,8,candidate-unreviewed,Taxonomy lead only; independently source and collate before activation.,https://stotra.vastucart.in/stotra/avadhuta-stotram
rama,Ayodhya Stotram,ayodhya-stotram,stotram,9,candidate-unreviewed,Taxonomy lead only; independently source and collate before activation.,https://stotra.vastucart.in/stotra/ayodhya-stotram
vishnu,Ayushya Suktam,ayushya-suktam,suktam,9,candidate-unreviewed,Taxonomy lead only; independently source and collate before activation.,https://stotra.vastucart.in/stotra/ayushya-suktam
vishnu,Badrinath Aarti,badrinath-aarti,aarti,9,handled-separately,See chalisa-aarti-existing-deities.md.,https://stotra.vastucart.in/stotra/badrinath-aarti
vishnu,Badrinath Stotram,badrinath-stotram,stotram,11,candidate-unreviewed,Taxonomy lead only; independently source and collate before activation.,https://stotra.vastucart.in/stotra/badrinath-stotram
kali,Baglamukhi Kavacham,baglamukhi-kavacham,kavacham,10,candidate-unreviewed,Taxonomy lead only; independently source and collate before activation.,https://stotra.vastucart.in/stotra/baglamukhi-kavacham
kali,Baglamukhi Stotram,baglamukhi-stotram,stotram,8,candidate-unreviewed,Taxonomy lead only; independently source and collate before activation.,https://stotra.vastucart.in/stotra/baglamukhi-stotram
hanuman,Bajrang Baan,bajrang-baan,stotram,13,present,High-confidence match to current Aadhyatma content; verify exact edition before deduplication.,https://stotra.vastucart.in/stotra/bajrang-baan
krishna,Bala Mukundashtakam,bala-mukundashtakam,ashtakam,8,candidate-unreviewed,Taxonomy lead only; independently source and collate before activation.,https://stotra.vastucart.in/stotra/bala-mukundashtakam
krishna,Balakrishna Ashtakam,balakrishna-ashtakam,ashtakam,8,candidate-unreviewed,Taxonomy lead only; independently source and collate before activation.,https://stotra.vastucart.in/stotra/balakrishna-ashtakam
krishna,Banke Bihari Aarti,banke-bihari-aarti,aarti,4,handled-separately,See chalisa-aarti-existing-deities.md.,https://stotra.vastucart.in/stotra/banke-bihari-aarti
krishna,Bhagavad Gita Chapter 1 - Arjuna Vishada Yoga,bhagavad-gita-chapter-1,gita,47,present,High-confidence match to current Aadhyatma content; verify exact edition before deduplication.,https://stotra.vastucart.in/stotra/bhagavad-gita-chapter-1
krishna,Bhagavad Gita Chapter 10 - Vibhuti Yoga,bhagavad-gita-chapter-10,gita,42,present,High-confidence match to current Aadhyatma content; verify exact edition before deduplication.,https://stotra.vastucart.in/stotra/bhagavad-gita-chapter-10
krishna,Bhagavad Gita Chapter 11 - Vishwarupa Darshana Yoga,bhagavad-gita-chapter-11,gita,55,present,High-confidence match to current Aadhyatma content; verify exact edition before deduplication.,https://stotra.vastucart.in/stotra/bhagavad-gita-chapter-11
krishna,Bhagavad Gita Chapter 12 - Bhakti Yoga,bhagavad-gita-chapter-12,gita,20,present,High-confidence match to current Aadhyatma content; verify exact edition before deduplication.,https://stotra.vastucart.in/stotra/bhagavad-gita-chapter-12
krishna,Bhagavad Gita Chapter 13 - Kshetra Kshetrajna Vibhaga Yoga,bhagavad-gita-chapter-13,gita,35,present,High-confidence match to current Aadhyatma content; verify exact edition before deduplication.,https://stotra.vastucart.in/stotra/bhagavad-gita-chapter-13
krishna,Bhagavad Gita Chapter 14 - Gunatraya Vibhaga Yoga,bhagavad-gita-chapter-14,gita,27,present,High-confidence match to current Aadhyatma content; verify exact edition before deduplication.,https://stotra.vastucart.in/stotra/bhagavad-gita-chapter-14
krishna,Bhagavad Gita Chapter 15 - Purushottama Yoga,bhagavad-gita-chapter-15,gita,20,present,High-confidence match to current Aadhyatma content; verify exact edition before deduplication.,https://stotra.vastucart.in/stotra/bhagavad-gita-chapter-15
krishna,Bhagavad Gita Chapter 16 - Daivasura Sampad Vibhaga Yoga,bhagavad-gita-chapter-16,gita,24,present,High-confidence match to current Aadhyatma content; verify exact edition before deduplication.,https://stotra.vastucart.in/stotra/bhagavad-gita-chapter-16
krishna,Bhagavad Gita Chapter 17 - Shraddhatraya Vibhaga Yoga,bhagavad-gita-chapter-17,gita,28,present,High-confidence match to current Aadhyatma content; verify exact edition before deduplication.,https://stotra.vastucart.in/stotra/bhagavad-gita-chapter-17
krishna,Bhagavad Gita Chapter 18 - Moksha Sannyasa Yoga,bhagavad-gita-chapter-18,gita,78,present,High-confidence match to current Aadhyatma content; verify exact edition before deduplication.,https://stotra.vastucart.in/stotra/bhagavad-gita-chapter-18
krishna,Bhagavad Gita Chapter 2 - Sankhya Yoga,bhagavad-gita-chapter-2,gita,72,present,High-confidence match to current Aadhyatma content; verify exact edition before deduplication.,https://stotra.vastucart.in/stotra/bhagavad-gita-chapter-2
krishna,Bhagavad Gita Chapter 3 - Karma Yoga,bhagavad-gita-chapter-3,gita,43,present,High-confidence match to current Aadhyatma content; verify exact edition before deduplication.,https://stotra.vastucart.in/stotra/bhagavad-gita-chapter-3
krishna,Bhagavad Gita Chapter 4 - Jnana Karma Sannyasa Yoga,bhagavad-gita-chapter-4,gita,42,present,High-confidence match to current Aadhyatma content; verify exact edition before deduplication.,https://stotra.vastucart.in/stotra/bhagavad-gita-chapter-4
krishna,Bhagavad Gita Chapter 5 - Karma Sannyasa Yoga,bhagavad-gita-chapter-5,gita,29,present,High-confidence match to current Aadhyatma content; verify exact edition before deduplication.,https://stotra.vastucart.in/stotra/bhagavad-gita-chapter-5
krishna,Bhagavad Gita Chapter 6 - Dhyana Yoga,bhagavad-gita-chapter-6,dhyanam,47,present,High-confidence match to current Aadhyatma content; verify exact edition before deduplication.,https://stotra.vastucart.in/stotra/bhagavad-gita-chapter-6
krishna,Bhagavad Gita Chapter 7 - Jnana Vijnana Yoga,bhagavad-gita-chapter-7,gita,30,present,High-confidence match to current Aadhyatma content; verify exact edition before deduplication.,https://stotra.vastucart.in/stotra/bhagavad-gita-chapter-7
krishna,Bhagavad Gita Chapter 8 - Akshara Brahma Yoga,bhagavad-gita-chapter-8,gita,28,present,High-confidence match to current Aadhyatma content; verify exact edition before deduplication.,https://stotra.vastucart.in/stotra/bhagavad-gita-chapter-8
krishna,Bhagavad Gita Chapter 9 - Raja Vidya Raja Guhya Yoga,bhagavad-gita-chapter-9,gita,34,present,High-confidence match to current Aadhyatma content; verify exact edition before deduplication.,https://stotra.vastucart.in/stotra/bhagavad-gita-chapter-9
krishna,Bhagavad Gita Dhyana Shloka,bhagavad-gita-dhyana-shloka,dhyanam,9,candidate-unreviewed,Taxonomy lead only; independently source and collate before activation.,https://stotra.vastucart.in/stotra/bhagavad-gita-dhyana-shloka
krishna,Bhagavad Gita Dhyanam,bhagavad-gita-dhyanam,dhyanam,7,candidate-unreviewed,Taxonomy lead only; independently source and collate before activation.,https://stotra.vastucart.in/stotra/bhagavad-gita-dhyanam
krishna,Bhagavad Gita Mahatmya,bhagavad-gita-mahatmya,gita,20,candidate-unreviewed,Taxonomy lead only; independently source and collate before activation.,https://stotra.vastucart.in/stotra/bhagavad-gita-mahatmya
vishnu,Bhagya Suktam,bhagya-suktam,suktam,7,candidate-unreviewed,Taxonomy lead only; independently source and collate before activation.,https://stotra.vastucart.in/stotra/bhagya-suktam
krishna,Bhaja Govindam,bhaja-govindam,other,12,candidate-unreviewed,Taxonomy lead only; independently source and collate before activation.,https://stotra.vastucart.in/stotra/bhaja-govindam
shiva,Bhasma Jabala Upanishad Key Mantras,bhasma-jabala-upanishad-key-mantras,mantra,11,candidate-unreviewed,Taxonomy lead only; independently source and collate before activation.,https://stotra.vastucart.in/stotra/bhasma-jabala-upanishad-key-mantras
durga,Bhavani Ashtakam,bhavani-ashtakam,ashtakam,8,present,High-confidence match to current Aadhyatma content; verify exact edition before deduplication.,https://stotra.vastucart.in/stotra/bhavani-ashtakam
narasimha,Bhaya Nivaran Stotram,bhaya-nivaran-stotram,stotram,10,candidate-unreviewed,Taxonomy lead only; independently source and collate before activation.,https://stotra.vastucart.in/stotra/bhaya-nivaran-stotram
shiva,Bhimashankar Stotram,bhimashankar-stotram,stotram,10,candidate-unreviewed,Taxonomy lead only; independently source and collate before activation.,https://stotra.vastucart.in/stotra/bhimashankar-stotram
krishna,Bhishma Stuti,bhishma-stuti,stuti,11,candidate-unreviewed,Taxonomy lead only; independently source and collate before activation.,https://stotra.vastucart.in/stotra/bhishma-stuti
vishnu,Bhojan Mantra (Meal Prayer),bhojan-mantra,mantra,7,present,High-confidence match to current Aadhyatma content; verify exact edition before deduplication.,https://stotra.vastucart.in/stotra/bhojan-mantra
parvati,Bhuvaneshwari Stotram,bhuvaneshwari-stotram,stotram,8,candidate-unreviewed,Taxonomy lead only; independently source and collate before activation.,https://stotra.vastucart.in/stotra/bhuvaneshwari-stotram
durga,Bhuvaneswari Kavacham,bhuvaneswari-kavacham,kavacham,8,candidate-unreviewed,Taxonomy lead only; independently source and collate before activation.,https://stotra.vastucart.in/stotra/bhuvaneswari-kavacham
parvati,Bhuvaneswari Stotram,bhuvaneswari-stotram,stotram,5,candidate-unreviewed,Taxonomy lead only; independently source and collate before activation.,https://stotra.vastucart.in/stotra/bhuvaneswari-stotram
shiva,Bilvarchana Stotram,bilvarchana-stotram,ritual,12,candidate-unreviewed,Taxonomy lead only; independently source and collate before activation.,https://stotra.vastucart.in/stotra/bilvarchana-stotram
shiva,Bilvashtakam,bilvashtakam,ashtakam,8,candidate-unreviewed,Taxonomy lead only; independently source and collate before activation.,https://stotra.vastucart.in/stotra/bilvashtakam
vishnu,Brahma Stuti (Bhagavatam),brahma-stuti-bhagavatam,stuti,8,candidate-unreviewed,Taxonomy lead only; independently source and collate before activation.,https://stotra.vastucart.in/stotra/brahma-stuti-bhagavatam
durga,Brahmacharini Stotram,brahmacharini-stotram,stotram,10,candidate-unreviewed,Taxonomy lead only; independently source and collate before activation.,https://stotra.vastucart.in/stotra/brahmacharini-stotram
navagraha,Budh Kavacham,budh-kavacham,kavacham,8,candidate-unreviewed,Taxonomy lead only; independently source and collate before activation.,https://stotra.vastucart.in/stotra/budh-kavacham
navagraha,Budh Sahasranama Stotram,budh-sahasranama,sahasranama,23,candidate-unreviewed,Taxonomy lead only; independently source and collate before activation.,https://stotra.vastucart.in/stotra/budh-sahasranama
navagraha,Budh Stotra,budh-stotra,stotram,8,candidate-unreviewed,Taxonomy lead only; independently source and collate before activation.,https://stotra.vastucart.in/stotra/budh-stotra
navagraha,Budha Stotram,budha-stotram,stotram,5,candidate-unreviewed,Taxonomy lead only; independently source and collate before activation.,https://stotra.vastucart.in/stotra/budha-stotram
ganesha,Budhvar Vrat Katha (Wednesday Fasting Story),budhvar-vrat-katha,katha,16,candidate-unreviewed,Taxonomy lead only; independently source and collate before activation.,https://stotra.vastucart.in/stotra/budhvar-vrat-katha
shiva,Chamakam,chamakam,suktam,55,candidate-unreviewed,Taxonomy lead only; independently source and collate before activation.,https://stotra.vastucart.in/stotra/chamakam
durga,Chamunda Stuti,chamunda-stuti,stuti,11,candidate-unreviewed,Taxonomy lead only; independently source and collate before activation.,https://stotra.vastucart.in/stotra/chamunda-stuti
durga,Chandi Hridayam,chandi-hridayam,hridayam,15,candidate-unreviewed,Taxonomy lead only; independently source and collate before activation.,https://stotra.vastucart.in/stotra/chandi-hridayam
durga,Chandi Kavacham,chandi-kavacham,kavacham,18,candidate-unreviewed,Taxonomy lead only; independently source and collate before activation.,https://stotra.vastucart.in/stotra/chandi-kavacham
durga,Chandi Path Navarna Vidhi,chandi-path-navarna-vidhi,ritual,5,candidate-unreviewed,Taxonomy lead only; independently source and collate before activation.,https://stotra.vastucart.in/stotra/chandi-path-navarna-vidhi
durga,Chandi Stotram,chandi-stotram,stotram,17,candidate-unreviewed,Taxonomy lead only; independently source and collate before activation.,https://stotra.vastucart.in/stotra/chandi-stotram
shiva,Chandra Dosh Nivaran Stotram,chandra-dosh-nivaran-stotram,stotram,7,candidate-unreviewed,Taxonomy lead only; independently source and collate before activation.,https://stotra.vastucart.in/stotra/chandra-dosh-nivaran-stotram
navagraha,Chandra Kavacham,chandra-kavacham,kavacham,7,candidate-unreviewed,Taxonomy lead only; independently source and collate before activation.,https://stotra.vastucart.in/stotra/chandra-kavacham
navagraha,Chandra Sahasranama Stotram,chandra-sahasranama,sahasranama,23,candidate-unreviewed,Taxonomy lead only; independently source and collate before activation.,https://stotra.vastucart.in/stotra/chandra-sahasranama
navagraha,Chandra Stotra,chandra-stotra,stotram,8,candidate-unreviewed,Taxonomy lead only; independently source and collate before activation.,https://stotra.vastucart.in/stotra/chandra-stotra
navagraha,Chandra Stotram,chandra-stotram,stotram,5,candidate-unreviewed,Taxonomy lead only; independently source and collate before activation.,https://stotra.vastucart.in/stotra/chandra-stotram
durga,Chandraghanta Stotram,chandraghanta-stotram,stotram,10,candidate-unreviewed,Taxonomy lead only; independently source and collate before activation.,https://stotra.vastucart.in/stotra/chandraghanta-stotram
shiva,Chandrashekhar Ashtakam,chandrashekhar-ashtakam,ashtakam,8,candidate-unreviewed,Taxonomy lead only; independently source and collate before activation.,https://stotra.vastucart.in/stotra/chandrashekhar-ashtakam
vishnu,Char Dham Stotram,chardham-stotram,stotram,5,candidate-unreviewed,Taxonomy lead only; independently source and collate before activation.,https://stotra.vastucart.in/stotra/chardham-stotram
vishnu,Chatuh Shloki Bhagavatam,chatuh-shloki-bhagavatam,other,4,candidate-unreviewed,Taxonomy lead only; independently source and collate before activation.,https://stotra.vastucart.in/stotra/chatuh-shloki-bhagavatam
surya,Chhath Puja Stotram,chhath-puja-stotram,ritual,10,candidate-unreviewed,Taxonomy lead only; independently source and collate before activation.,https://stotra.vastucart.in/stotra/chhath-puja-stotram
surya,Chhath Puja Vidhi and Mantras,chhath-puja-vidhi,mantra,16,candidate-unreviewed,Taxonomy lead only; independently source and collate before activation.,https://stotra.vastucart.in/stotra/chhath-puja-vidhi
surya,Chhath Puja Vrat Katha,chhath-puja-vrat-katha,katha,22,candidate-unreviewed,Taxonomy lead only; independently source and collate before activation.,https://stotra.vastucart.in/stotra/chhath-puja-vrat-katha
kali,Chinnamasta Kavacham,chinnamasta-kavacham,kavacham,8,candidate-unreviewed,Taxonomy lead only; independently source and collate before activation.,https://stotra.vastucart.in/stotra/chinnamasta-kavacham
kali,Chinnamasta Stotram,chinnamasta-stotram,stotram,10,candidate-unreviewed,Taxonomy lead only; independently source and collate before activation.,https://stotra.vastucart.in/stotra/chinnamasta-stotram
kali,Dakshina Kali Dhyanam,dakshina-kali-dhyanam,dhyanam,14,candidate-unreviewed,Taxonomy lead only; independently source and collate before activation.,https://stotra.vastucart.in/stotra/dakshina-kali-dhyanam
kali,Dakshina Kali Stotram,dakshina-kali-stotram,stotram,8,candidate-unreviewed,Taxonomy lead only; independently source and collate before activation.,https://stotra.vastucart.in/stotra/dakshina-kali-stotram
shiva,Dakshinamurthy Pancharatnam,dakshinamurthy-pancharatnam,pancharatnam,5,candidate-unreviewed,Taxonomy lead only; independently source and collate before activation.,https://stotra.vastucart.in/stotra/dakshinamurthy-pancharatnam
shiva,Dakshinamurthy Stotram,dakshinamurthy-stotram,stotram,10,candidate-unreviewed,Taxonomy lead only; independently source and collate before activation.,https://stotra.vastucart.in/stotra/dakshinamurthy-stotram
krishna,Damodarashtakam,damodarashtakam,ashtakam,8,candidate-unreviewed,Taxonomy lead only; independently source and collate before activation.,https://stotra.vastucart.in/stotra/damodarashtakam
shiva,Daridrya Dahana Shiva Stotram,daridrya-dahana-shiva-stotram,stotram,8,candidate-unreviewed,Taxonomy lead only; independently source and collate before activation.,https://stotra.vastucart.in/stotra/daridrya-dahana-shiva-stotram
durga,Dasha Mahavidya Stotram,dasha-mahavidya-stotram,stotram,15,candidate-unreviewed,Taxonomy lead only; independently source and collate before activation.,https://stotra.vastucart.in/stotra/dasha-mahavidya-stotram
shiva,Dasha Shloki,dasha-shloki,other,10,candidate-unreviewed,Taxonomy lead only; independently source and collate before activation.,https://stotra.vastucart.in/stotra/dasha-shloki
vishnu,Dashavatara Dhyanam,dashavatara-dhyanam,dhyanam,10,candidate-unreviewed,Taxonomy lead only; independently source and collate before activation.,https://stotra.vastucart.in/stotra/dashavatara-dhyanam
vishnu,Dashavatara Stotram,dashavatara-stotram,stotram,11,candidate-unreviewed,Taxonomy lead only; independently source and collate before activation.,https://stotra.vastucart.in/stotra/dashavatara-stotram
dattatreya,Datta Bavani,datta-bavani,other,52,candidate-unreviewed,Taxonomy lead only; independently source and collate before activation.,https://stotra.vastucart.in/stotra/datta-bavani
dattatreya,Datta Stuti,datta-stuti,stuti,10,candidate-unreviewed,Taxonomy lead only; independently source and collate before activation.,https://stotra.vastucart.in/stotra/datta-stuti
dattatreya,Dattatreya Aarti,dattatreya-aarti,aarti,4,handled-separately,See chalisa-aarti-existing-deities.md.,https://stotra.vastucart.in/stotra/dattatreya-aarti
dattatreya,Dattatreya Ashtakam,dattatreya-ashtakam,ashtakam,8,variant-review,"Title-level match exists, but composition or edition identity needs line-level comparison.",https://stotra.vastucart.in/stotra/dattatreya-ashtakam
dattatreya,Dattatreya Ashtottara Shatanamavali,dattatreya-ashtottara-shatanamavali,namavali,108,candidate-unreviewed,Taxonomy lead only; independently source and collate before activation.,https://stotra.vastucart.in/stotra/dattatreya-ashtottara-shatanamavali
dattatreya,Dattatreya Chalisa,dattatreya-chalisa,chalisa,42,handled-separately,See chalisa-aarti-existing-deities.md.,https://stotra.vastucart.in/stotra/dattatreya-chalisa
dattatreya,Dattatreya Dhyanam,dattatreya-dhyanam,dhyanam,8,candidate-unreviewed,Taxonomy lead only; independently source and collate before activation.,https://stotra.vastucart.in/stotra/dattatreya-dhyanam
dattatreya,Dattatreya Dwadash Nama Stotram,dattatreya-dwadash-nama,namavali,5,candidate-unreviewed,Taxonomy lead only; independently source and collate before activation.,https://stotra.vastucart.in/stotra/dattatreya-dwadash-nama
dattatreya,Dattatreya Gayatri,dattatreya-gayatri,mantra,7,candidate-unreviewed,Taxonomy lead only; independently source and collate before activation.,https://stotra.vastucart.in/stotra/dattatreya-gayatri
dattatreya,Dattatreya Hridayam,dattatreya-hridayam,hridayam,8,candidate-unreviewed,Taxonomy lead only; independently source and collate before activation.,https://stotra.vastucart.in/stotra/dattatreya-hridayam
dattatreya,Dattatreya Kavacham,dattatreya-kavacham,kavacham,8,candidate-unreviewed,Taxonomy lead only; independently source and collate before activation.,https://stotra.vastucart.in/stotra/dattatreya-kavacham
dattatreya,Dattatreya Mangalashtakam,dattatreya-mangalashtakam,ashtakam,8,candidate-unreviewed,Taxonomy lead only; independently source and collate before activation.,https://stotra.vastucart.in/stotra/dattatreya-mangalashtakam
dattatreya,Dattatreya Pancharatnam,dattatreya-pancharatnam,pancharatnam,5,candidate-unreviewed,Taxonomy lead only; independently source and collate before activation.,https://stotra.vastucart.in/stotra/dattatreya-pancharatnam
dattatreya,Dattatreya Sahasranama Stotram,dattatreya-sahasranama,sahasranama,20,candidate-unreviewed,Taxonomy lead only; independently source and collate before activation.,https://stotra.vastucart.in/stotra/dattatreya-sahasranama
dattatreya,Dattatreya Stotram,dattatreya-stotram,stotram,16,candidate-unreviewed,Taxonomy lead only; independently source and collate before activation.,https://stotra.vastucart.in/stotra/dattatreya-stotram
dattatreya,Dattatreya Upanishad Key Verses,dattatreya-upanishad-key-verses,upanishad,7,candidate-unreviewed,Taxonomy lead only; independently source and collate before activation.,https://stotra.vastucart.in/stotra/dattatreya-upanishad-key-verses
vishnu,Dayashatakam - Key Verses,dayashatakam-key-verses,stotram,10,candidate-unreviewed,Taxonomy lead only; independently source and collate before activation.,https://stotra.vastucart.in/stotra/dayashatakam-key-verses
lakshmi,Deepa Jyoti Stotram,deepa-jyoti-stotram,stotram,8,candidate-unreviewed,Taxonomy lead only; independently source and collate before activation.,https://stotra.vastucart.in/stotra/deepa-jyoti-stotram
vishnu,Dev Uthani Ekadashi Katha,dev-uthani-ekadashi-katha,katha,15,candidate-unreviewed,Taxonomy lead only; independently source and collate before activation.,https://stotra.vastucart.in/stotra/dev-uthani-ekadashi-katha
krishna,Devaki Stuti,devaki-stuti,stuti,9,candidate-unreviewed,Taxonomy lead only; independently source and collate before activation.,https://stotra.vastucart.in/stotra/devaki-stuti
durga,Devi Aparadha Kshamapana Stotram,devi-aparadha-kshamapana-stotram,stotram,12,candidate-unreviewed,Taxonomy lead only; independently source and collate before activation.,https://stotra.vastucart.in/stotra/devi-aparadha-kshamapana-stotram
durga,Devi Atharvashirsha,devi-atharvashirsha,other,27,candidate-unreviewed,Taxonomy lead only; independently source and collate before activation.,https://stotra.vastucart.in/stotra/devi-atharvashirsha
durga,Devi Bhujanga Stotram,devi-bhujanga-stotram,stotram,8,candidate-unreviewed,Taxonomy lead only; independently source and collate before activation.,https://stotra.vastucart.in/stotra/devi-bhujanga-stotram
durga,Devi Chatushashti Upachara Puja Stotram,devi-chatushashti-upachara,ritual,21,candidate-unreviewed,Taxonomy lead only; independently source and collate before activation.,https://stotra.vastucart.in/stotra/devi-chatushashti-upachara
durga,Devi Hridayam,devi-hridayam,hridayam,8,candidate-unreviewed,Taxonomy lead only; independently source and collate before activation.,https://stotra.vastucart.in/stotra/devi-hridayam
durga,Devi Kavacham,devi-kavacham,kavacham,28,candidate-unreviewed,Taxonomy lead only; independently source and collate before activation.,https://stotra.vastucart.in/stotra/devi-kavacham
durga,Devi Khadgamala Stotram,devi-khadgamala-stotram,stotram,9,candidate-unreviewed,Taxonomy lead only; independently source and collate before activation.,https://stotra.vastucart.in/stotra/devi-khadgamala-stotram
durga,Devi Mahatmya Siddha Kunjika Prayoga,devi-mahatmya-siddha-kunjika,other,8,candidate-unreviewed,Taxonomy lead only; independently source and collate before activation.,https://stotra.vastucart.in/stotra/devi-mahatmya-siddha-kunjika
durga,Devi Mahatmyam Madhyama Charitra,devi-mahatmyam-madhyama-charitra,other,26,candidate-unreviewed,Taxonomy lead only; independently source and collate before activation.,https://stotra.vastucart.in/stotra/devi-mahatmyam-madhyama-charitra
durga,Devi Mahatmyam Prathama Charitra,devi-mahatmyam-prathama-charitra,other,30,candidate-unreviewed,Taxonomy lead only; independently source and collate before activation.,https://stotra.vastucart.in/stotra/devi-mahatmyam-prathama-charitra
durga,Devi Mahatmyam Uttama Charitra,devi-mahatmyam-uttama-charitra,other,27,candidate-unreviewed,Taxonomy lead only; independently source and collate before activation.,https://stotra.vastucart.in/stotra/devi-mahatmyam-uttama-charitra
durga,Devi Stuti,devi-stuti,stuti,25,candidate-unreviewed,Taxonomy lead only; independently source and collate before activation.,https://stotra.vastucart.in/stotra/devi-stuti
durga,Devi Suktam,devi-suktam,suktam,8,variant-review,"Title-level match exists, but composition or edition identity needs line-level comparison.",https://stotra.vastucart.in/stotra/devi-suktam
lakshmi,Dhanalakshmi Stotram,dhanalakshmi-stotram,stotram,12,candidate-unreviewed,Taxonomy lead only; independently source and collate before activation.,https://stotra.vastucart.in/stotra/dhanalakshmi-stotram
vishnu,Dharma Stuti,dharma-stuti,stuti,10,candidate-unreviewed,Taxonomy lead only; independently source and collate before activation.,https://stotra.vastucart.in/stotra/dharma-stuti
vishnu,Dhruva Stuti,dhruva-stuti,stuti,9,candidate-unreviewed,Taxonomy lead only; independently source and collate before activation.,https://stotra.vastucart.in/stotra/dhruva-stuti
kali,Dhumavati Kavacham,dhumavati-kavacham,kavacham,8,candidate-unreviewed,Taxonomy lead only; independently source and collate before activation.,https://stotra.vastucart.in/stotra/dhumavati-kavacham
kali,Dhumavati Stotram,dhumavati-stotram,stotram,10,candidate-unreviewed,Taxonomy lead only; independently source and collate before activation.,https://stotra.vastucart.in/stotra/dhumavati-stotram
lakshmi,Diwali Vrat Katha,diwali-vrat-katha,katha,20,candidate-unreviewed,Taxonomy lead only; independently source and collate before activation.,https://stotra.vastucart.in/stotra/diwali-vrat-katha
rama,Dohavali - Key Dohe (Couplets),dohavali-key-dohe,other,14,candidate-unreviewed,Taxonomy lead only; independently source and collate before activation.,https://stotra.vastucart.in/stotra/dohavali-key-dohe
durga,Durga Aarti - Om Jai Ambe Gauri,durga-aarti,aarti,12,handled-separately,See chalisa-aarti-existing-deities.md.,https://stotra.vastucart.in/stotra/durga-aarti
durga,Durga Ashtakam,durga-ashtakam,ashtakam,8,candidate-unreviewed,Taxonomy lead only; independently source and collate before activation.,https://stotra.vastucart.in/stotra/durga-ashtakam
durga,Durga Ashtottara Shatanamavali,durga-ashtottara-shatanamavali,namavali,108,candidate-unreviewed,Taxonomy lead only; independently source and collate before activation.,https://stotra.vastucart.in/stotra/durga-ashtottara-shatanamavali
durga,Durga Chalisa,durga-chalisa,chalisa,40,handled-separately,See chalisa-aarti-existing-deities.md.,https://stotra.vastucart.in/stotra/durga-chalisa
durga,Durga Dvatrimshan Namavali,durga-stuti-chaman-lal,namavali,8,candidate-unreviewed,Taxonomy lead only; independently source and collate before activation.,https://stotra.vastucart.in/stotra/durga-stuti-chaman-lal
durga,Durga Dvatrinsha Naamamala,durga-dvatrinsha-naamamala,stotram,8,candidate-unreviewed,Taxonomy lead only; independently source and collate before activation.,https://stotra.vastucart.in/stotra/durga-dvatrinsha-naamamala
durga,Durga Dwadash Nama Stotram,durga-dwadash-nama,namavali,8,candidate-unreviewed,Taxonomy lead only; independently source and collate before activation.,https://stotra.vastucart.in/stotra/durga-dwadash-nama
durga,Durga Gayatri Mantra,durga-gayatri,mantra,5,candidate-unreviewed,Taxonomy lead only; independently source and collate before activation.,https://stotra.vastucart.in/stotra/durga-gayatri
durga,Durga Hridayam,durga-hridayam,hridayam,9,candidate-unreviewed,Taxonomy lead only; independently source and collate before activation.,https://stotra.vastucart.in/stotra/durga-hridayam
durga,Durga Kavach,durga-kavach,kavacham,18,present,High-confidence match to current Aadhyatma content; verify exact edition before deduplication.,https://stotra.vastucart.in/stotra/durga-kavach
durga,Durga Mangalashtakam,durga-mangalashtakam,ashtakam,8,candidate-unreviewed,Taxonomy lead only; independently source and collate before activation.,https://stotra.vastucart.in/stotra/durga-mangalashtakam
durga,Durga Nav Shloki,durga-nav-shloki,other,9,candidate-unreviewed,Taxonomy lead only; independently source and collate before activation.,https://stotra.vastucart.in/stotra/durga-nav-shloki
durga,Durga Pancha Ratnam,durga-pancha-ratnam,other,5,candidate-unreviewed,Taxonomy lead only; independently source and collate before activation.,https://stotra.vastucart.in/stotra/durga-pancha-ratnam
durga,Durga Pancharatnam,durga-pancharatnam,pancharatnam,5,candidate-unreviewed,Taxonomy lead only; independently source and collate before activation.,https://stotra.vastucart.in/stotra/durga-pancharatnam
durga,Durga Sahasranama Stotram (Devi Bhagavata),durga-sahasranama-stotram,sahasranama,26,candidate-unreviewed,Taxonomy lead only; independently source and collate before activation.,https://stotra.vastucart.in/stotra/durga-sahasranama-stotram
durga,Durga Sahasranama Stotram (Skanda Purana),durga-sahasranama,sahasranama,30,candidate-unreviewed,Taxonomy lead only; independently source and collate before activation.,https://stotra.vastucart.in/stotra/durga-sahasranama
durga,Durga Saptashloki,durga-saptashloki,other,7,candidate-unreviewed,Taxonomy lead only; independently source and collate before activation.,https://stotra.vastucart.in/stotra/durga-saptashloki
durga,Durga Stuti by Arjuna,durga-stuti-arjuna,stuti,13,candidate-unreviewed,Taxonomy lead only; independently source and collate before activation.,https://stotra.vastucart.in/stotra/durga-stuti-arjuna
durga,Durga Suktam,durga-suktam,suktam,7,candidate-unreviewed,Taxonomy lead only; independently source and collate before activation.,https://stotra.vastucart.in/stotra/durga-suktam
rama,Dussehra Stotram,dussehra-stotram,stotram,10,candidate-unreviewed,Taxonomy lead only; independently source and collate before activation.,https://stotra.vastucart.in/stotra/dussehra-stotram
surya,Dwadash Aditya Stotram,dwadash-aditya-stotram,stotram,8,candidate-unreviewed,Taxonomy lead only; independently source and collate before activation.,https://stotra.vastucart.in/stotra/dwadash-aditya-stotram
vishnu,Dwadash Stotra Madhvacharya,dwadash-stotra-madhva,stotram,10,candidate-unreviewed,Taxonomy lead only; independently source and collate before activation.,https://stotra.vastucart.in/stotra/dwadash-stotra-madhva
shiva,Dwadasha Jyotirlinga Stotram,dwadasha-jyotirlinga-stotram,stotram,4,candidate-unreviewed,Taxonomy lead only; independently source and collate before activation.,https://stotra.vastucart.in/stotra/dwadasha-jyotirlinga-stotram
krishna,Dwarkadhish Aarti,dwarkadhish-aarti,aarti,9,handled-separately,See chalisa-aarti-existing-deities.md.,https://stotra.vastucart.in/stotra/dwarkadhish-aarti
krishna,Dwarkadhish Stotram,dwarkadhish-stotram,stotram,10,candidate-unreviewed,Taxonomy lead only; independently source and collate before activation.,https://stotra.vastucart.in/stotra/dwarkadhish-stotram
shiva,Eka Shloki,eka-shloki,other,1,candidate-unreviewed,Taxonomy lead only; independently source and collate before activation.,https://stotra.vastucart.in/stotra/eka-shloki
shiva,Ekadasha Rudra Stotram,ekadasha-rudra-stotram,stotram,11,candidate-unreviewed,Taxonomy lead only; independently source and collate before activation.,https://stotra.vastucart.in/stotra/ekadasha-rudra-stotram
vishnu,Ekadashi Mahatmya,ekadashi-mahatmya,other,15,candidate-unreviewed,Taxonomy lead only; independently source and collate before activation.,https://stotra.vastucart.in/stotra/ekadashi-mahatmya
vishnu,Ekadashi Mahatmya Shloka,ekadashi-mahatmya-shloka,other,8,candidate-unreviewed,Taxonomy lead only; independently source and collate before activation.,https://stotra.vastucart.in/stotra/ekadashi-mahatmya-shloka
vishnu,Ekadashi Vrat Katha,ekadashi-vrat-katha,katha,18,candidate-unreviewed,Taxonomy lead only; independently source and collate before activation.,https://stotra.vastucart.in/stotra/ekadashi-vrat-katha
vishnu,Gajendra Moksha Stotram,gajendra-moksha-stotram,stotram,16,candidate-unreviewed,Taxonomy lead only; independently source and collate before activation.,https://stotra.vastucart.in/stotra/gajendra-moksha-stotram
ganesha,Ganesh Aarti - Jai Ganesh Jai Ganesh Deva,ganesh-aarti,aarti,6,handled-separately,See chalisa-aarti-existing-deities.md.,https://stotra.vastucart.in/stotra/ganesh-aarti
ganesha,Ganesh Atharvashirsha,ganesh-atharvashirsha,other,28,present,High-confidence match to current Aadhyatma content; verify exact edition before deduplication.,https://stotra.vastucart.in/stotra/ganesh-atharvashirsha
ganesha,Ganesh Bajrang,ganesh-bajrang,other,19,candidate-unreviewed,Taxonomy lead only; independently source and collate before activation.,https://stotra.vastucart.in/stotra/ganesh-bajrang
ganesha,Ganesh Bhujanga Stotram,ganesh-bhujanga-stotram,stotram,7,candidate-unreviewed,Taxonomy lead only; independently source and collate before activation.,https://stotra.vastucart.in/stotra/ganesh-bhujanga-stotram
ganesha,Ganesh Chalisa,ganesh-chalisa,chalisa,40,handled-separately,See chalisa-aarti-existing-deities.md.,https://stotra.vastucart.in/stotra/ganesh-chalisa
ganesha,Ganesh Chaturthi Vrat Katha,ganesh-chaturthi-vrat-katha,katha,18,candidate-unreviewed,Taxonomy lead only; independently source and collate before activation.,https://stotra.vastucart.in/stotra/ganesh-chaturthi-vrat-katha
ganesha,Ganesh Dwadash Nama Stotram,ganesh-dwadash-nama,namavali,7,candidate-unreviewed,Taxonomy lead only; independently source and collate before activation.,https://stotra.vastucart.in/stotra/ganesh-dwadash-nama
ganesha,Ganesh Pancharatnam,ganesh-pancharatnam,pancharatnam,5,candidate-unreviewed,Taxonomy lead only; independently source and collate before activation.,https://stotra.vastucart.in/stotra/ganesh-pancharatnam
ganesha,Ganesh Stotram,ganesh-stotram,stotram,11,variant-review,"Title-level match exists, but composition or edition identity needs line-level comparison.",https://stotra.vastucart.in/stotra/ganesh-stotram
ganesha,Ganesha Ashtottara Shatanamavali (Namavali),ganesha-ashtottara-shatanamavali,namavali,108,candidate-unreviewed,Taxonomy lead only; independently source and collate before activation.,https://stotra.vastucart.in/stotra/ganesha-ashtottara-shatanamavali
ganesha,Ganesha Ashtottara Shatanamavali (Stotra),ganesh-ashtottara-shatanamavali,namavali,108,candidate-unreviewed,Taxonomy lead only; independently source and collate before activation.,https://stotra.vastucart.in/stotra/ganesh-ashtottara-shatanamavali
ganesha,Ganesha Gayatri Mantra,ganesha-gayatri,mantra,4,candidate-unreviewed,Taxonomy lead only; independently source and collate before activation.,https://stotra.vastucart.in/stotra/ganesha-gayatri
ganesha,Ganesha Hridayam,ganesha-hridayam,hridayam,5,candidate-unreviewed,Taxonomy lead only; independently source and collate before activation.,https://stotra.vastucart.in/stotra/ganesha-hridayam
ganesha,Ganesha Kavacham,ganesh-kavacham,kavacham,10,present,High-confidence match to current Aadhyatma content; verify exact edition before deduplication.,https://stotra.vastucart.in/stotra/ganesh-kavacham
ganesha,Ganesha Maha Mantra Sangraha,ganesha-maha-mantra,mantra,8,candidate-unreviewed,Taxonomy lead only; independently source and collate before activation.,https://stotra.vastucart.in/stotra/ganesha-maha-mantra
ganesha,Ganesha Mangala Stotram,ganesha-mangala-stotram,stotram,8,candidate-unreviewed,Taxonomy lead only; independently source and collate before activation.,https://stotra.vastucart.in/stotra/ganesha-mangala-stotram
ganesha,Ganesha Mangalashtakam,ganesha-mangalashtakam,ashtakam,8,candidate-unreviewed,Taxonomy lead only; independently source and collate before activation.,https://stotra.vastucart.in/stotra/ganesha-mangalashtakam
ganesha,Ganesha Pancharatnam,ganesha-pancharatnam,pancharatnam,5,candidate-unreviewed,Taxonomy lead only; independently source and collate before activation.,https://stotra.vastucart.in/stotra/ganesha-pancharatnam
ganesha,Ganesha Sahasranama Stotram,ganesh-sahasranama,sahasranama,30,candidate-unreviewed,Taxonomy lead only; independently source and collate before activation.,https://stotra.vastucart.in/stotra/ganesh-sahasranama
ganesha,Ganesha Stuti - Mudgala Purana,ganesha-stuti-mudgala-purana,stuti,8,candidate-unreviewed,Taxonomy lead only; independently source and collate before activation.,https://stotra.vastucart.in/stotra/ganesha-stuti-mudgala-purana
ganga,Ganga Aarti - Om Jai Gange Mata,ganga-aarti,aarti,7,handled-separately,See chalisa-aarti-existing-deities.md.,https://stotra.vastucart.in/stotra/ganga-aarti
ganga,Ganga Ashtakam,ganga-ashtakam,ashtakam,8,variant-review,"Title-level match exists, but composition or edition identity needs line-level comparison.",https://stotra.vastucart.in/stotra/ganga-ashtakam
ganga,Ganga Chalisa,ganga-chalisa,chalisa,42,handled-separately,See chalisa-aarti-existing-deities.md.,https://stotra.vastucart.in/stotra/ganga-chalisa
ganga,Ganga Dashakam,ganga-dashakam,other,10,candidate-unreviewed,Taxonomy lead only; independently source and collate before activation.,https://stotra.vastucart.in/stotra/ganga-dashakam
ganga,Ganga Kavacham,ganga-kavacham,kavacham,8,candidate-unreviewed,Taxonomy lead only; independently source and collate before activation.,https://stotra.vastucart.in/stotra/ganga-kavacham
ganga,Ganga Sahasranama Stotram,ganga-sahasranama,sahasranama,20,candidate-unreviewed,Taxonomy lead only; independently source and collate before activation.,https://stotra.vastucart.in/stotra/ganga-sahasranama
ganga,Ganga Stotram,ganga-stotram,stotram,12,candidate-unreviewed,Taxonomy lead only; independently source and collate before activation.,https://stotra.vastucart.in/stotra/ganga-stotram
ganga,Ganga Stuti by Tulsidas,ganga-stuti-tulsidas,stuti,8,candidate-unreviewed,Taxonomy lead only; independently source and collate before activation.,https://stotra.vastucart.in/stotra/ganga-stuti-tulsidas
vishnu,Garuda Dandakam,garuda-dandakam,dandakam,10,candidate-unreviewed,Taxonomy lead only; independently source and collate before activation.,https://stotra.vastucart.in/stotra/garuda-dandakam
parvati,Gauri Chalisa,gauri-chalisa,chalisa,10,handled-separately,See chalisa-aarti-existing-deities.md.,https://stotra.vastucart.in/stotra/gauri-chalisa
parvati,Gauri Stotram,gauri-stotram,stotram,12,candidate-unreviewed,Taxonomy lead only; independently source and collate before activation.,https://stotra.vastucart.in/stotra/gauri-stotram
gayatri,Gayatri Aarti,gayatri-aarti,aarti,7,handled-separately,See chalisa-aarti-existing-deities.md.,https://stotra.vastucart.in/stotra/gayatri-aarti
gayatri,Gayatri Ashtottara Shatanamavali,gayatri-ashtottara-shatanamavali,namavali,108,candidate-unreviewed,Taxonomy lead only; independently source and collate before activation.,https://stotra.vastucart.in/stotra/gayatri-ashtottara-shatanamavali
gayatri,Gayatri Chalisa,gayatri-chalisa,chalisa,42,handled-separately,See chalisa-aarti-existing-deities.md.,https://stotra.vastucart.in/stotra/gayatri-chalisa
gayatri,Gayatri Hridayam,gayatri-hridayam,hridayam,7,candidate-unreviewed,Taxonomy lead only; independently source and collate before activation.,https://stotra.vastucart.in/stotra/gayatri-hridayam
gayatri,Gayatri Kavacham,gayatri-kavacham,kavacham,9,candidate-unreviewed,Taxonomy lead only; independently source and collate before activation.,https://stotra.vastucart.in/stotra/gayatri-kavacham
gayatri,Gayatri Mangalashtakam,gayatri-mangalashtakam,ashtakam,8,candidate-unreviewed,Taxonomy lead only; independently source and collate before activation.,https://stotra.vastucart.in/stotra/gayatri-mangalashtakam
gayatri,Gayatri Mantra,gayatri-mantra,mantra,1,present,High-confidence match to current Aadhyatma content; verify exact edition before deduplication.,https://stotra.vastucart.in/stotra/gayatri-mantra
gayatri,Gayatri Sahasranama Stotram,gayatri-sahasranama,sahasranama,15,candidate-unreviewed,Taxonomy lead only; independently source and collate before activation.,https://stotra.vastucart.in/stotra/gayatri-sahasranama
gayatri,Gayatri Stotram,gayatri-stotram,stotram,11,candidate-unreviewed,Taxonomy lead only; independently source and collate before activation.,https://stotra.vastucart.in/stotra/gayatri-stotram
krishna,Giridhari Stotram,giridhari-stotram,stotram,8,candidate-unreviewed,Taxonomy lead only; independently source and collate before activation.,https://stotra.vastucart.in/stotra/giridhari-stotram
krishna,Gita Govinda - Ashtapadi 1,gita-govinda-ashtapadi-1,gita,11,candidate-unreviewed,Taxonomy lead only; independently source and collate before activation.,https://stotra.vastucart.in/stotra/gita-govinda-ashtapadi-1
vishnu,Gita Govinda - Dashavatara Ashtapadi,gita-govinda-ashtapadi-dashavatara,gita,10,candidate-unreviewed,Taxonomy lead only; independently source and collate before activation.,https://stotra.vastucart.in/stotra/gita-govinda-ashtapadi-dashavatara
krishna,Gita Govinda - Key Songs,gita-govinda-key-songs,gita,10,candidate-unreviewed,Taxonomy lead only; independently source and collate before activation.,https://stotra.vastucart.in/stotra/gita-govinda-key-songs
krishna,Gita Govinda - Key Verses,gita-govinda-key-verses,gita,6,candidate-unreviewed,Taxonomy lead only; independently source and collate before activation.,https://stotra.vastucart.in/stotra/gita-govinda-key-verses
krishna,Gita Mahatmya,gita-mahatmya,gita,17,candidate-unreviewed,Taxonomy lead only; independently source and collate before activation.,https://stotra.vastucart.in/stotra/gita-mahatmya
krishna,Gita Sara,gita-sara,gita,11,candidate-unreviewed,Taxonomy lead only; independently source and collate before activation.,https://stotra.vastucart.in/stotra/gita-sara
krishna,Gopala Sahasranama Stotram,gopala-sahasranama,sahasranama,20,candidate-unreviewed,Taxonomy lead only; independently source and collate before activation.,https://stotra.vastucart.in/stotra/gopala-sahasranama
krishna,Gopala Stotram,gopala-stotram,stotram,12,candidate-unreviewed,Taxonomy lead only; independently source and collate before activation.,https://stotra.vastucart.in/stotra/gopala-stotram
krishna,Gopala Vimshatika,gopala-vimshatika,other,20,candidate-unreviewed,Taxonomy lead only; independently source and collate before activation.,https://stotra.vastucart.in/stotra/gopala-vimshatika
krishna,Gopi Geet,gopi-geet,other,19,candidate-unreviewed,Taxonomy lead only; independently source and collate before activation.,https://stotra.vastucart.in/stotra/gopi-geet
krishna,Gopika Gitam,gopika-gitam,gita,9,candidate-unreviewed,Taxonomy lead only; independently source and collate before activation.,https://stotra.vastucart.in/stotra/gopika-gitam
krishna,Govardhan Puja Stotram,govardhan-puja-stotram,ritual,10,candidate-unreviewed,Taxonomy lead only; independently source and collate before activation.,https://stotra.vastucart.in/stotra/govardhan-puja-stotram
krishna,Govinda Ashtakam,govinda-ashtakam,ashtakam,8,candidate-unreviewed,Taxonomy lead only; independently source and collate before activation.,https://stotra.vastucart.in/stotra/govinda-ashtakam
krishna,Govinda Damodara Stotram,govinda-damodara-stotram,stotram,12,candidate-unreviewed,Taxonomy lead only; independently source and collate before activation.,https://stotra.vastucart.in/stotra/govinda-damodara-stotram
krishna,Govinda Namavali,govinda-namavali,namavali,12,candidate-unreviewed,Taxonomy lead only; independently source and collate before activation.,https://stotra.vastucart.in/stotra/govinda-namavali
surya,Graha Peeda Hara Stotram,graha-peeda-hara-stotram,stotram,6,candidate-unreviewed,Taxonomy lead only; independently source and collate before activation.,https://stotra.vastucart.in/stotra/graha-peeda-hara-stotram
navagraha,Graha Shanti Mantra,graha-shanti-mantra,mantra,10,candidate-unreviewed,Taxonomy lead only; independently source and collate before activation.,https://stotra.vastucart.in/stotra/graha-shanti-mantra
ganesha,Griha Pravesh Mantras,griha-pravesh-mantras,mantra,15,candidate-unreviewed,Taxonomy lead only; independently source and collate before activation.,https://stotra.vastucart.in/stotra/griha-pravesh-mantras
vishnu,Griha Shanti Stotram,griha-shanti-stotram,stotram,7,candidate-unreviewed,Taxonomy lead only; independently source and collate before activation.,https://stotra.vastucart.in/stotra/griha-shanti-stotram
shiva,Grishneshwar Stotram,grishneshwar-stotram,stotram,11,candidate-unreviewed,Taxonomy lead only; independently source and collate before activation.,https://stotra.vastucart.in/stotra/grishneshwar-stotram
navagraha,Guru (Brihaspati) Sahasranama Stotram,guru-sahasranama,sahasranama,23,candidate-unreviewed,Taxonomy lead only; independently source and collate before activation.,https://stotra.vastucart.in/stotra/guru-sahasranama
dattatreya,Guru Ashtakam,guru-ashtakam,ashtakam,8,candidate-unreviewed,Taxonomy lead only; independently source and collate before activation.,https://stotra.vastucart.in/stotra/guru-ashtakam
vishnu,Guru Chandal Dosh Nivaran Stotram,guru-chandal-dosh-nivaran-stotram,stotram,7,candidate-unreviewed,Taxonomy lead only; independently source and collate before activation.,https://stotra.vastucart.in/stotra/guru-chandal-dosh-nivaran-stotram
dattatreya,Guru Dattatreya Mantra,guru-dattatreya-mantra,mantra,9,candidate-unreviewed,Taxonomy lead only; independently source and collate before activation.,https://stotra.vastucart.in/stotra/guru-dattatreya-mantra
dattatreya,Guru Gita - Key Verses,guru-gita,gita,18,candidate-unreviewed,Taxonomy lead only; independently source and collate before activation.,https://stotra.vastucart.in/stotra/guru-gita
navagraha,Guru Graha Kavacham,guru-graha-kavacham,kavacham,7,candidate-unreviewed,Taxonomy lead only; independently source and collate before activation.,https://stotra.vastucart.in/stotra/guru-graha-kavacham
navagraha,Guru Graha Stotra,guru-graha-stotra,stotram,8,candidate-unreviewed,Taxonomy lead only; independently source and collate before activation.,https://stotra.vastucart.in/stotra/guru-graha-stotra
dattatreya,Guru Paduka Stotram,guru-paduka-stotram,stotram,9,candidate-unreviewed,Taxonomy lead only; independently source and collate before activation.,https://stotra.vastucart.in/stotra/guru-paduka-stotram
dattatreya,Guru Stotram,guru-stotram,stotram,11,candidate-unreviewed,Taxonomy lead only; independently source and collate before activation.,https://stotra.vastucart.in/stotra/guru-stotram
dattatreya,Guru Vandana,guru-vandana,stuti,12,candidate-unreviewed,Taxonomy lead only; independently source and collate before activation.,https://stotra.vastucart.in/stotra/guru-vandana
vishnu,Guruvar Vrat Katha (Thursday Fasting Story),guruvar-vrat-katha,katha,12,candidate-unreviewed,Taxonomy lead only; independently source and collate before activation.,https://stotra.vastucart.in/stotra/guruvar-vrat-katha
rama,Hanumad Ramayanam,hanumad-ramayanam,other,16,candidate-unreviewed,Taxonomy lead only; independently source and collate before activation.,https://stotra.vastucart.in/stotra/hanumad-ramayanam
hanuman,Hanuman Aarti,hanuman-aarti,aarti,11,handled-separately,See chalisa-aarti-existing-deities.md.,https://stotra.vastucart.in/stotra/hanuman-aarti
hanuman,Hanuman Ashtak,hanuman-ashtak,ashtakam,8,candidate-unreviewed,Taxonomy lead only; independently source and collate before activation.,https://stotra.vastucart.in/stotra/hanuman-ashtak
hanuman,Hanuman Ashtottara Shatanamavali,hanuman-ashtottara-shatanamavali,namavali,108,candidate-unreviewed,Taxonomy lead only; independently source and collate before activation.,https://stotra.vastucart.in/stotra/hanuman-ashtottara-shatanamavali
hanuman,Hanuman Ashtottara Stotram,hanuman-ashtottara-stotram,namavali,11,candidate-unreviewed,Taxonomy lead only; independently source and collate before activation.,https://stotra.vastucart.in/stotra/hanuman-ashtottara-stotram
hanuman,Hanuman Bahuk,hanuman-bahuk,stotram,5,candidate-unreviewed,Taxonomy lead only; independently source and collate before activation.,https://stotra.vastucart.in/stotra/hanuman-bahuk
hanuman,Hanuman Chalisa,hanuman-chalisa,chalisa,43,handled-separately,See chalisa-aarti-existing-deities.md.,https://stotra.vastucart.in/stotra/hanuman-chalisa
hanuman,Hanuman Dhyanam,hanuman-dhyanam,dhyanam,8,candidate-unreviewed,Taxonomy lead only; independently source and collate before activation.,https://stotra.vastucart.in/stotra/hanuman-dhyanam
hanuman,Hanuman Dwadash Nama Stotram,hanuman-dwadash-nama,namavali,4,candidate-unreviewed,Taxonomy lead only; independently source and collate before activation.,https://stotra.vastucart.in/stotra/hanuman-dwadash-nama
hanuman,Hanuman Gayatri Mantra,hanuman-gayatri,mantra,4,candidate-unreviewed,Taxonomy lead only; independently source and collate before activation.,https://stotra.vastucart.in/stotra/hanuman-gayatri
hanuman,Hanuman Hridayam,hanuman-hridayam,hridayam,9,candidate-unreviewed,Taxonomy lead only; independently source and collate before activation.,https://stotra.vastucart.in/stotra/hanuman-hridayam
hanuman,Hanuman Kavacham,hanuman-kavacham,kavacham,10,candidate-unreviewed,Taxonomy lead only; independently source and collate before activation.,https://stotra.vastucart.in/stotra/hanuman-kavacham
hanuman,Hanuman Langoolastra Stotram,hanuman-langoolastra-stotram,stotram,7,candidate-unreviewed,Taxonomy lead only; independently source and collate before activation.,https://stotra.vastucart.in/stotra/hanuman-langoolastra-stotram
hanuman,Hanuman Mangalashtakam,hanuman-mangalashtakam,ashtakam,8,candidate-unreviewed,Taxonomy lead only; independently source and collate before activation.,https://stotra.vastucart.in/stotra/hanuman-mangalashtakam
hanuman,Hanuman Pancharatnam,hanuman-pancharatnam,pancharatnam,5,candidate-unreviewed,Taxonomy lead only; independently source and collate before activation.,https://stotra.vastucart.in/stotra/hanuman-pancharatnam
hanuman,Hanuman Sahasranama Stotram,hanuman-sahasranama,sahasranama,30,candidate-unreviewed,Taxonomy lead only; independently source and collate before activation.,https://stotra.vastucart.in/stotra/hanuman-sahasranama
hanuman,Hanuman Stavan,hanuman-stavan,other,8,candidate-unreviewed,Taxonomy lead only; independently source and collate before activation.,https://stotra.vastucart.in/stotra/hanuman-stavan
hanuman,Hanuman Stuti - Lanka Kanda,hanuman-stuti-lanka-kanda,stuti,8,candidate-unreviewed,Taxonomy lead only; independently source and collate before activation.,https://stotra.vastucart.in/stotra/hanuman-stuti-lanka-kanda
hanuman,Hanuman Stuti (Parasara Samhita),hanuman-stuti-parasara,stuti,11,candidate-unreviewed,Taxonomy lead only; independently source and collate before activation.,https://stotra.vastucart.in/stotra/hanuman-stuti-parasara
hanuman,Hanuman Vadvanal Stotra,hanuman-vadvanal-stotra,stotram,7,candidate-unreviewed,Taxonomy lead only; independently source and collate before activation.,https://stotra.vastucart.in/stotra/hanuman-vadvanal-stotra
krishna,Hare Krishna Mahamantra,hare-krishna-mahamantra,mantra,3,present,High-confidence match to current Aadhyatma content; verify exact edition before deduplication.,https://stotra.vastucart.in/stotra/hare-krishna-mahamantra
vishnu,Hari Nama Mala Stotram,hari-nama-mala-stotram,stotram,8,candidate-unreviewed,Taxonomy lead only; independently source and collate before activation.,https://stotra.vastucart.in/stotra/hari-nama-mala-stotram
vishnu,Hari Stotram,hari-stotram,stotram,8,candidate-unreviewed,Taxonomy lead only; independently source and collate before activation.,https://stotra.vastucart.in/stotra/hari-stotram
vishnu,Harivarasanam,harivarasanam,other,8,candidate-unreviewed,Taxonomy lead only; independently source and collate before activation.,https://stotra.vastucart.in/stotra/harivarasanam
parvati,Hartalika Teej Vrat Katha,hartalika-teej-vrat-katha,katha,18,candidate-unreviewed,Taxonomy lead only; independently source and collate before activation.,https://stotra.vastucart.in/stotra/hartalika-teej-vrat-katha
shiva,Hastamalaka Stotram,hastamalaka-stotram,stotram,12,candidate-unreviewed,Taxonomy lead only; independently source and collate before activation.,https://stotra.vastucart.in/stotra/hastamalaka-stotram
vishnu,Hayagriva Stotram,hayagriva-stotram,stotram,12,candidate-unreviewed,Taxonomy lead only; independently source and collate before activation.,https://stotra.vastucart.in/stotra/hayagriva-stotram
vishnu,Hiranyagarbha Suktam,hiranyagarbha-suktam,suktam,10,candidate-unreviewed,Taxonomy lead only; independently source and collate before activation.,https://stotra.vastucart.in/stotra/hiranyagarbha-suktam
vishnu,Holika Dahan Katha,holika-dahan-katha,katha,15,candidate-unreviewed,Taxonomy lead only; independently source and collate before activation.,https://stotra.vastucart.in/stotra/holika-dahan-katha
vishnu,Ishavasya Upanishad,ishavasya-upanishad,upanishad,18,candidate-unreviewed,Taxonomy lead only; independently source and collate before activation.,https://stotra.vastucart.in/stotra/ishavasya-upanishad
durga,Jagadamba Stotram,jagadamba-stotram,stotram,12,candidate-unreviewed,Taxonomy lead only; independently source and collate before activation.,https://stotra.vastucart.in/stotra/jagadamba-stotram
krishna,Janmashtami Vrat Katha,janmashtami-vrat-katha,katha,24,candidate-unreviewed,Taxonomy lead only; independently source and collate before activation.,https://stotra.vastucart.in/stotra/janmashtami-vrat-katha
shiva,Kaal Sarp Dosh Nivaran Stotram,kaal-sarp-dosh-nivaran-stotram,stotram,11,candidate-unreviewed,Taxonomy lead only; independently source and collate before activation.,https://stotra.vastucart.in/stotra/kaal-sarp-dosh-nivaran-stotram
durga,Kaalratri Stotram,kaalratri-stotram,stotram,11,candidate-unreviewed,Taxonomy lead only; independently source and collate before activation.,https://stotra.vastucart.in/stotra/kaalratri-stotram
vishnu,Kabir Dohe Key Verses,kabir-dohe-key-verses,other,15,candidate-unreviewed,Taxonomy lead only; independently source and collate before activation.,https://stotra.vastucart.in/stotra/kabir-dohe-key-verses
shiva,Kaivalya Upanishad,kaivalya-upanishad,upanishad,11,candidate-unreviewed,Taxonomy lead only; independently source and collate before activation.,https://stotra.vastucart.in/stotra/kaivalya-upanishad
kali,Kali Aarti,kali-aarti,aarti,8,handled-separately,See chalisa-aarti-existing-deities.md.,https://stotra.vastucart.in/stotra/kali-aarti
kali,Kali Ashtakam,kali-ashtakam,ashtakam,8,variant-review,"Title-level match exists, but composition or edition identity needs line-level comparison.",https://stotra.vastucart.in/stotra/kali-ashtakam
kali,Kali Ashtottara Shatanamavali,kali-ashtottara-shatanamavali,namavali,108,candidate-unreviewed,Taxonomy lead only; independently source and collate before activation.,https://stotra.vastucart.in/stotra/kali-ashtottara-shatanamavali
kali,Kali Chalisa,kali-chalisa,chalisa,42,handled-separately,See chalisa-aarti-existing-deities.md.,https://stotra.vastucart.in/stotra/kali-chalisa
kali,Kali Gayatri,kali-gayatri,mantra,3,candidate-unreviewed,Taxonomy lead only; independently source and collate before activation.,https://stotra.vastucart.in/stotra/kali-gayatri
kali,Kali Hridayam,kali-hridayam,hridayam,14,candidate-unreviewed,Taxonomy lead only; independently source and collate before activation.,https://stotra.vastucart.in/stotra/kali-hridayam
kali,Kali Kavacham,kali-kavacham,kavacham,12,candidate-unreviewed,Taxonomy lead only; independently source and collate before activation.,https://stotra.vastucart.in/stotra/kali-kavacham
kali,Kali Sahasranama Stotram (Mahanirvana Tantra),kali-sahasranama,sahasranama,20,candidate-unreviewed,Taxonomy lead only; independently source and collate before activation.,https://stotra.vastucart.in/stotra/kali-sahasranama
kali,Kali Sahasranama Stotram (Todala Tantra),kali-sahasranama-v2,sahasranama,25,candidate-unreviewed,Taxonomy lead only; independently source and collate before activation.,https://stotra.vastucart.in/stotra/kali-sahasranama-v2
kali,Kali Stotram,kali-stotram,stotram,14,candidate-unreviewed,Taxonomy lead only; independently source and collate before activation.,https://stotra.vastucart.in/stotra/kali-stotram
vishnu,Kalki Stotram,kalki-stotram,stotram,11,candidate-unreviewed,Taxonomy lead only; independently source and collate before activation.,https://stotra.vastucart.in/stotra/kalki-stotram
vishnu,Kamadeva Stotram,kamadeva-stotram,stotram,10,candidate-unreviewed,Taxonomy lead only; independently source and collate before activation.,https://stotra.vastucart.in/stotra/kamadeva-stotram
durga,Kamakhya Kavacham,kamakhya-kavacham,kavacham,8,candidate-unreviewed,Taxonomy lead only; independently source and collate before activation.,https://stotra.vastucart.in/stotra/kamakhya-kavacham
durga,Kamakhya Stotram,kamakhya-stotram,stotram,8,candidate-unreviewed,Taxonomy lead only; independently source and collate before activation.,https://stotra.vastucart.in/stotra/kamakhya-stotram
parvati,Kamakshi Stotram,kamakshi-stotram,stotram,10,candidate-unreviewed,Taxonomy lead only; independently source and collate before activation.,https://stotra.vastucart.in/stotra/kamakshi-stotram
lakshmi,Kamala Kavacham,kamala-kavacham,kavacham,8,candidate-unreviewed,Taxonomy lead only; independently source and collate before activation.,https://stotra.vastucart.in/stotra/kamala-kavacham
lakshmi,Kamala Stotram,kamala-stotram,stotram,8,candidate-unreviewed,Taxonomy lead only; independently source and collate before activation.,https://stotra.vastucart.in/stotra/kamala-stotram
lakshmi,Kanakadhara Stotram,kanakadhara-stotram,stotram,21,candidate-unreviewed,Taxonomy lead only; independently source and collate before activation.,https://stotra.vastucart.in/stotra/kanakadhara-stotram
lakshmi,Kara Darshana Shloka,kara-darshana-shloka,other,4,candidate-unreviewed,Taxonomy lead only; independently source and collate before activation.,https://stotra.vastucart.in/stotra/kara-darshana-shloka
shiva,Karpura Gauram Karunavataram,karpura-gauram,other,1,present,High-confidence match to current Aadhyatma content; verify exact edition before deduplication.,https://stotra.vastucart.in/stotra/karpura-gauram
kartikeya,Kartikeya Ashtottara Shatanamavali,kartikeya-ashtottara-shatanamavali,namavali,108,candidate-unreviewed,Taxonomy lead only; independently source and collate before activation.,https://stotra.vastucart.in/stotra/kartikeya-ashtottara-shatanamavali
kartikeya,Kartikeya Dwadash Nama Stotram,kartikeya-dwadash-nama,namavali,5,candidate-unreviewed,Taxonomy lead only; independently source and collate before activation.,https://stotra.vastucart.in/stotra/kartikeya-dwadash-nama
kartikeya,Kartikeya Hridayam,kartikeya-hridayam,hridayam,7,candidate-unreviewed,Taxonomy lead only; independently source and collate before activation.,https://stotra.vastucart.in/stotra/kartikeya-hridayam
kartikeya,Kartikeya Kavacham,kartikeya-kavacham,kavacham,9,candidate-unreviewed,Taxonomy lead only; independently source and collate before activation.,https://stotra.vastucart.in/stotra/kartikeya-kavacham
kartikeya,Kartikeya Mangalashtakam,kartikeya-mangalashtakam,ashtakam,8,candidate-unreviewed,Taxonomy lead only; independently source and collate before activation.,https://stotra.vastucart.in/stotra/kartikeya-mangalashtakam
kartikeya,Kartikeya Pancharatnam,kartikeya-pancharatnam,pancharatnam,5,candidate-unreviewed,Taxonomy lead only; independently source and collate before activation.,https://stotra.vastucart.in/stotra/kartikeya-pancharatnam
kartikeya,Kartikeya Sahasranama Stotram,kartikeya-sahasranama,sahasranama,25,candidate-unreviewed,Taxonomy lead only; independently source and collate before activation.,https://stotra.vastucart.in/stotra/kartikeya-sahasranama
kartikeya,Kartikeya Stotram,kartikeya-stotram,stotram,10,candidate-unreviewed,Taxonomy lead only; independently source and collate before activation.,https://stotra.vastucart.in/stotra/kartikeya-stotram
parvati,Karva Chauth Stotram,karva-chauth-stotram,stotram,10,candidate-unreviewed,Taxonomy lead only; independently source and collate before activation.,https://stotra.vastucart.in/stotra/karva-chauth-stotram
parvati,Karva Chauth Vrat Katha,karva-chauth-vrat-katha,katha,20,candidate-unreviewed,Taxonomy lead only; independently source and collate before activation.,https://stotra.vastucart.in/stotra/karva-chauth-vrat-katha
shiva,Kashi Panchakam,kashi-panchakam,other,5,candidate-unreviewed,Taxonomy lead only; independently source and collate before activation.,https://stotra.vastucart.in/stotra/kashi-panchakam
shiva,Kashi Vishwanath Stotram,kashi-vishwanath-stotram,stotram,11,candidate-unreviewed,Taxonomy lead only; independently source and collate before activation.,https://stotra.vastucart.in/stotra/kashi-vishwanath-stotram
vishnu,Kathopanishad Key Verses,kathopanishad-key-verses,other,15,candidate-unreviewed,Taxonomy lead only; independently source and collate before activation.,https://stotra.vastucart.in/stotra/kathopanishad-key-verses
durga,Katyayani Stotram,katyayani-stotram,stotram,11,candidate-unreviewed,Taxonomy lead only; independently source and collate before activation.,https://stotra.vastucart.in/stotra/katyayani-stotram
shiva,Kaupina Panchakam,kaupina-panchakam,other,5,candidate-unreviewed,Taxonomy lead only; independently source and collate before activation.,https://stotra.vastucart.in/stotra/kaupina-panchakam
shiva,Kedarnath Stotram,kedarnath-stotram,stotram,11,candidate-unreviewed,Taxonomy lead only; independently source and collate before activation.,https://stotra.vastucart.in/stotra/kedarnath-stotram
vishnu,Kena Upanishad,kena-upanishad,upanishad,14,candidate-unreviewed,Taxonomy lead only; independently source and collate before activation.,https://stotra.vastucart.in/stotra/kena-upanishad
ganesha,Ketu Dosh Nivaran Stotram,ketu-dosh-nivaran-stotram,stotram,7,candidate-unreviewed,Taxonomy lead only; independently source and collate before activation.,https://stotra.vastucart.in/stotra/ketu-dosh-nivaran-stotram
navagraha,Ketu Kavacham,ketu-kavacham,kavacham,10,candidate-unreviewed,Taxonomy lead only; independently source and collate before activation.,https://stotra.vastucart.in/stotra/ketu-kavacham
navagraha,Ketu Sahasranama Stotram,ketu-sahasranama,sahasranama,23,candidate-unreviewed,Taxonomy lead only; independently source and collate before activation.,https://stotra.vastucart.in/stotra/ketu-sahasranama
navagraha,Ketu Stotra,ketu-stotra,stotram,8,candidate-unreviewed,Taxonomy lead only; independently source and collate before activation.,https://stotra.vastucart.in/stotra/ketu-stotra
navagraha,Ketu Stotram,ketu-stotram,stotram,5,candidate-unreviewed,Taxonomy lead only; independently source and collate before activation.,https://stotra.vastucart.in/stotra/ketu-stotram
krishna,Khatu Shyam Aarti,khatu-shyam-aarti,aarti,8,handled-separately,See chalisa-aarti-existing-deities.md.,https://stotra.vastucart.in/stotra/khatu-shyam-aarti
krishna,Khatu Shyam Chalisa,khatu-shyam-chalisa,chalisa,42,handled-separately,See chalisa-aarti-existing-deities.md.,https://stotra.vastucart.in/stotra/khatu-shyam-chalisa
durga,Kilak Stotram,kilak-stotram,stotram,7,candidate-unreviewed,Taxonomy lead only; independently source and collate before activation.,https://stotra.vastucart.in/stotra/kilak-stotram
rama,Kodanda Rama Stotram,kodanda-rama-stotram,stotram,9,candidate-unreviewed,Taxonomy lead only; independently source and collate before activation.,https://stotra.vastucart.in/stotra/kodanda-rama-stotram
krishna,Krishna Ashtakam,krishna-ashtakam,ashtakam,8,present,High-confidence match to current Aadhyatma content; verify exact edition before deduplication.,https://stotra.vastucart.in/stotra/krishna-ashtakam
krishna,Krishna Ashtottara Shatanamavali,krishna-ashtottara-shatanamavali,namavali,108,candidate-unreviewed,Taxonomy lead only; independently source and collate before activation.,https://stotra.vastucart.in/stotra/krishna-ashtottara-shatanamavali
krishna,Krishna Chalisa,krishna-chalisa,chalisa,42,handled-separately,See chalisa-aarti-existing-deities.md.,https://stotra.vastucart.in/stotra/krishna-chalisa
krishna,Krishna Dhyanam,krishna-dhyanam,dhyanam,8,candidate-unreviewed,Taxonomy lead only; independently source and collate before activation.,https://stotra.vastucart.in/stotra/krishna-dhyanam
krishna,Krishna Dwadash Nama Stotram,krishna-dwadash-nama,namavali,12,candidate-unreviewed,Taxonomy lead only; independently source and collate before activation.,https://stotra.vastucart.in/stotra/krishna-dwadash-nama
krishna,Krishna Gayatri Mantra,krishna-gayatri,mantra,4,candidate-unreviewed,Taxonomy lead only; independently source and collate before activation.,https://stotra.vastucart.in/stotra/krishna-gayatri
krishna,Krishna Gitavali - Key Verses,krishna-gitavali-key-verses,gita,7,candidate-unreviewed,Taxonomy lead only; independently source and collate before activation.,https://stotra.vastucart.in/stotra/krishna-gitavali-key-verses
krishna,Krishna Hridayam,krishna-hridayam,hridayam,8,candidate-unreviewed,Taxonomy lead only; independently source and collate before activation.,https://stotra.vastucart.in/stotra/krishna-hridayam
krishna,Krishna Karnamrutam Key Verses,krishna-karnamrutam-key-verses,other,8,candidate-unreviewed,Taxonomy lead only; independently source and collate before activation.,https://stotra.vastucart.in/stotra/krishna-karnamrutam-key-verses
krishna,Krishna Kavacham,krishna-kavacham,kavacham,12,candidate-unreviewed,Taxonomy lead only; independently source and collate before activation.,https://stotra.vastucart.in/stotra/krishna-kavacham
krishna,Krishna Lila Stuti,krishna-lila-stuti,stuti,9,candidate-unreviewed,Taxonomy lead only; independently source and collate before activation.,https://stotra.vastucart.in/stotra/krishna-lila-stuti
krishna,Krishna Mangalashtakam,krishna-mangalashtakam,ashtakam,8,candidate-unreviewed,Taxonomy lead only; independently source and collate before activation.,https://stotra.vastucart.in/stotra/krishna-mangalashtakam
krishna,Krishna Pancharatnam,krishna-pancharatnam,pancharatnam,5,candidate-unreviewed,Taxonomy lead only; independently source and collate before activation.,https://stotra.vastucart.in/stotra/krishna-pancharatnam
krishna,Krishna Sahasranama Stotram,krishna-sahasranama,sahasranama,30,candidate-unreviewed,Taxonomy lead only; independently source and collate before activation.,https://stotra.vastucart.in/stotra/krishna-sahasranama
krishna,Krishna Stuti,krishna-stuti,stuti,12,variant-review,"Title-level match exists, but composition or edition identity needs line-level comparison.",https://stotra.vastucart.in/stotra/krishna-stuti
vishnu,Kshamapana Stotram,kshamapana-stotram,stotram,11,candidate-unreviewed,Taxonomy lead only; independently source and collate before activation.,https://stotra.vastucart.in/stotra/kshamapana-stotram
kubera,Kubera Ashtakam,kubera-ashtakam,ashtakam,8,candidate-unreviewed,Taxonomy lead only; independently source and collate before activation.,https://stotra.vastucart.in/stotra/kubera-ashtakam
kubera,Kubera Chalisa,kubera-chalisa,chalisa,42,handled-separately,See chalisa-aarti-existing-deities.md.,https://stotra.vastucart.in/stotra/kubera-chalisa
kubera,Kubera Dwadash Nama Stotram,kubera-dwadash-nama,namavali,5,candidate-unreviewed,Taxonomy lead only; independently source and collate before activation.,https://stotra.vastucart.in/stotra/kubera-dwadash-nama
kubera,Kubera Gayatri,kubera-gayatri,mantra,2,candidate-unreviewed,Taxonomy lead only; independently source and collate before activation.,https://stotra.vastucart.in/stotra/kubera-gayatri
kubera,Kubera Hridayam,kubera-hridayam,hridayam,7,candidate-unreviewed,Taxonomy lead only; independently source and collate before activation.,https://stotra.vastucart.in/stotra/kubera-hridayam
kubera,Kubera Kavacham,kubera-kavacham,kavacham,7,candidate-unreviewed,Taxonomy lead only; independently source and collate before activation.,https://stotra.vastucart.in/stotra/kubera-kavacham
kubera,Kubera Lakshmi Stotram,kubera-lakshmi-stotram,stotram,10,candidate-unreviewed,Taxonomy lead only; independently source and collate before activation.,https://stotra.vastucart.in/stotra/kubera-lakshmi-stotram
kubera,Kubera Mantra,kubera-mantra,mantra,6,candidate-unreviewed,Taxonomy lead only; independently source and collate before activation.,https://stotra.vastucart.in/stotra/kubera-mantra
kubera,Kubera Pancharatnam,kubera-pancharatnam,pancharatnam,5,candidate-unreviewed,Taxonomy lead only; independently source and collate before activation.,https://stotra.vastucart.in/stotra/kubera-pancharatnam
kubera,Kubera Sahasranama Stotram,kubera-sahasranama,sahasranama,8,candidate-unreviewed,Taxonomy lead only; independently source and collate before activation.,https://stotra.vastucart.in/stotra/kubera-sahasranama
kubera,Kubera Stotram,kubera-stotram,stotram,8,variant-review,"Title-level match exists, but composition or edition identity needs line-level comparison.",https://stotra.vastucart.in/stotra/kubera-stotram
kartikeya,Kumara Ashtakam,kumara-ashtakam,ashtakam,8,candidate-unreviewed,Taxonomy lead only; independently source and collate before activation.,https://stotra.vastucart.in/stotra/kumara-ashtakam
krishna,Kunti Stuti,kunti-stuti,stuti,18,candidate-unreviewed,Taxonomy lead only; independently source and collate before activation.,https://stotra.vastucart.in/stotra/kunti-stuti
vishnu,Kurma Stotram,kurma-stotram,stotram,11,candidate-unreviewed,Taxonomy lead only; independently source and collate before activation.,https://stotra.vastucart.in/stotra/kurma-stotram
durga,Kushmanda Stotram,kushmanda-stotram,stotram,10,candidate-unreviewed,Taxonomy lead only; independently source and collate before activation.,https://stotra.vastucart.in/stotra/kushmanda-stotram
lakshmi,Lakshmi Aarti - Om Jai Lakshmi Mata,lakshmi-aarti,aarti,8,handled-separately,See chalisa-aarti-existing-deities.md.,https://stotra.vastucart.in/stotra/lakshmi-aarti
lakshmi,Lakshmi Ashtakam,lakshmi-ashtakam,ashtakam,8,candidate-unreviewed,Taxonomy lead only; independently source and collate before activation.,https://stotra.vastucart.in/stotra/lakshmi-ashtakam
lakshmi,Lakshmi Ashtottara Shatanamavali,lakshmi-ashtottara-shatanamavali,namavali,108,candidate-unreviewed,Taxonomy lead only; independently source and collate before activation.,https://stotra.vastucart.in/stotra/lakshmi-ashtottara-shatanamavali
lakshmi,Lakshmi Chalisa,lakshmi-chalisa,chalisa,42,handled-separately,See chalisa-aarti-existing-deities.md.,https://stotra.vastucart.in/stotra/lakshmi-chalisa
lakshmi,Lakshmi Dhyanam,lakshmi-dhyanam,dhyanam,7,candidate-unreviewed,Taxonomy lead only; independently source and collate before activation.,https://stotra.vastucart.in/stotra/lakshmi-dhyanam
lakshmi,Lakshmi Dwadash Nama Stotram,lakshmi-dwadash-nama,namavali,5,candidate-unreviewed,Taxonomy lead only; independently source and collate before activation.,https://stotra.vastucart.in/stotra/lakshmi-dwadash-nama
lakshmi,Lakshmi Gayatri Mantra,lakshmi-gayatri,mantra,4,candidate-unreviewed,Taxonomy lead only; independently source and collate before activation.,https://stotra.vastucart.in/stotra/lakshmi-gayatri
lakshmi,Lakshmi Hridaya Stotram,lakshmi-hridayam,hridayam,15,candidate-unreviewed,Taxonomy lead only; independently source and collate before activation.,https://stotra.vastucart.in/stotra/lakshmi-hridayam
lakshmi,Lakshmi Kavacham,lakshmi-kavacham,kavacham,7,candidate-unreviewed,Taxonomy lead only; independently source and collate before activation.,https://stotra.vastucart.in/stotra/lakshmi-kavacham
lakshmi,Lakshmi Mangalashtakam,lakshmi-mangalashtakam,ashtakam,8,candidate-unreviewed,Taxonomy lead only; independently source and collate before activation.,https://stotra.vastucart.in/stotra/lakshmi-mangalashtakam
narasimha,Lakshmi Narasimha Karavalamba Stotram,lakshmi-narasimha-karavalamba-stotram,stotram,16,candidate-unreviewed,Taxonomy lead only; independently source and collate before activation.,https://stotra.vastucart.in/stotra/lakshmi-narasimha-karavalamba-stotram
narasimha,Lakshmi Narasimha Pancharatnam,lakshmi-narasimha-pancharatnam,pancharatnam,5,candidate-unreviewed,Taxonomy lead only; independently source and collate before activation.,https://stotra.vastucart.in/stotra/lakshmi-narasimha-pancharatnam
narasimha,Lakshmi Narasimha Stotram,lakshmi-narasimha-stotram,stotram,8,candidate-unreviewed,Taxonomy lead only; independently source and collate before activation.,https://stotra.vastucart.in/stotra/lakshmi-narasimha-stotram
vishnu,Lakshmi Narayana Hridayam,lakshmi-narayana-hridayam,hridayam,13,candidate-unreviewed,Taxonomy lead only; independently source and collate before activation.,https://stotra.vastucart.in/stotra/lakshmi-narayana-hridayam
vishnu,Lakshmi Narayana Stotram,lakshmi-narayana-stotram,stotram,9,candidate-unreviewed,Taxonomy lead only; independently source and collate before activation.,https://stotra.vastucart.in/stotra/lakshmi-narayana-stotram
lakshmi,Lakshmi Pancharatnam,lakshmi-pancharatnam,pancharatnam,5,candidate-unreviewed,Taxonomy lead only; independently source and collate before activation.,https://stotra.vastucart.in/stotra/lakshmi-pancharatnam
lakshmi,Lakshmi Sahasranama Stotram,lakshmi-sahasranama,sahasranama,30,candidate-unreviewed,Taxonomy lead only; independently source and collate before activation.,https://stotra.vastucart.in/stotra/lakshmi-sahasranama
lakshmi,Lakshmi Stotram,lakshmi-stotram,stotram,8,candidate-unreviewed,Taxonomy lead only; independently source and collate before activation.,https://stotra.vastucart.in/stotra/lakshmi-stotram
lakshmi,Lakshmi Stuti,lakshmi-stuti,stuti,10,candidate-unreviewed,Taxonomy lead only; independently source and collate before activation.,https://stotra.vastucart.in/stotra/lakshmi-stuti
parvati,Lalita Sahasranama Stotram,lalita-sahasranama,sahasranama,50,candidate-unreviewed,Taxonomy lead only; independently source and collate before activation.,https://stotra.vastucart.in/stotra/lalita-sahasranama
parvati,Lalita Trishati Stotram,lalita-trishati,stotram,20,candidate-unreviewed,Taxonomy lead only; independently source and collate before activation.,https://stotra.vastucart.in/stotra/lalita-trishati
vishnu,Laxminarayan Chalisa,laxminarayan-chalisa,chalisa,42,handled-separately,See chalisa-aarti-existing-deities.md.,https://stotra.vastucart.in/stotra/laxminarayan-chalisa
shiva,Lingashtakam,lingashtakam,ashtakam,8,present,High-confidence match to current Aadhyatma content; verify exact edition before deduplication.,https://stotra.vastucart.in/stotra/lingashtakam
krishna,Madhurashtakam,madhurashtakam,ashtakam,8,present,High-confidence match to current Aadhyatma content; verify exact edition before deduplication.,https://stotra.vastucart.in/stotra/madhurashtakam
ganesha,Maha Ganapati Stotram,maha-ganapati-stotram,stotram,8,candidate-unreviewed,Taxonomy lead only; independently source and collate before activation.,https://stotra.vastucart.in/stotra/maha-ganapati-stotram
ganesha,Maha Ganesh Mantra Collection,maha-ganesh-mantra,mantra,12,candidate-unreviewed,Taxonomy lead only; independently source and collate before activation.,https://stotra.vastucart.in/stotra/maha-ganesh-mantra
shiva,Maha Shivaratri Stotram,maha-shivratri-stotram,stotram,8,candidate-unreviewed,Taxonomy lead only; independently source and collate before activation.,https://stotra.vastucart.in/stotra/maha-shivratri-stotram
durga,Mahagauri Stotram,mahagauri-stotram,stotram,11,candidate-unreviewed,Taxonomy lead only; independently source and collate before activation.,https://stotra.vastucart.in/stotra/mahagauri-stotram
shiva,Mahakal Ashtakam,mahakal-ashtakam,ashtakam,8,candidate-unreviewed,Taxonomy lead only; independently source and collate before activation.,https://stotra.vastucart.in/stotra/mahakal-ashtakam
shiva,Mahakal Stotram,mahakal-stotram,stotram,12,candidate-unreviewed,Taxonomy lead only; independently source and collate before activation.,https://stotra.vastucart.in/stotra/mahakal-stotram
kali,Mahakali Kavacham,mahakali-kavacham,kavacham,8,candidate-unreviewed,Taxonomy lead only; independently source and collate before activation.,https://stotra.vastucart.in/stotra/mahakali-kavacham
kali,Mahakali Stotram,mahakali-stotram,stotram,15,candidate-unreviewed,Taxonomy lead only; independently source and collate before activation.,https://stotra.vastucart.in/stotra/mahakali-stotram
lakshmi,Mahalakshmi Ashtakam,mahalakshmi-ashtakam,ashtakam,8,present,High-confidence match to current Aadhyatma content; verify exact edition before deduplication.,https://stotra.vastucart.in/stotra/mahalakshmi-ashtakam
shiva,Mahamrityunjaya Mantra,mahamrityunjaya-mantra,mantra,1,present,High-confidence match to current Aadhyatma content; verify exact edition before deduplication.,https://stotra.vastucart.in/stotra/mahamrityunjaya-mantra
durga,Mahishasura Mardini Stotram,mahishasura-mardini-stotram,stotram,16,present,High-confidence match to current Aadhyatma content; verify exact edition before deduplication.,https://stotra.vastucart.in/stotra/mahishasura-mardini-stotram
durga,Mahishasura Mardini Stotram Excerpt,mahishasura-mardini-stotram-excerpt,stotram,5,present,High-confidence match to current Aadhyatma content; verify exact edition before deduplication.,https://stotra.vastucart.in/stotra/mahishasura-mardini-stotram-excerpt
surya,Makar Sankranti Vrat Katha,makar-sankranti-vrat-katha,katha,12,candidate-unreviewed,Taxonomy lead only; independently source and collate before activation.,https://stotra.vastucart.in/stotra/makar-sankranti-vrat-katha
shiva,Mallikarjuna Stotram,mallikarjuna-stotram,stotram,10,candidate-unreviewed,Taxonomy lead only; independently source and collate before activation.,https://stotra.vastucart.in/stotra/mallikarjuna-stotram
vishnu,Mandukya Upanishad,mandukya-upanishad,upanishad,12,candidate-unreviewed,Taxonomy lead only; independently source and collate before activation.,https://stotra.vastucart.in/stotra/mandukya-upanishad
durga,Mangal Chandika Stotram,mangal-chandika-stotram,stotram,7,candidate-unreviewed,Taxonomy lead only; independently source and collate before activation.,https://stotra.vastucart.in/stotra/mangal-chandika-stotram
hanuman,Mangal Dosh Nivaran Stotram,mangal-dosh-nivaran-stotram,stotram,10,candidate-unreviewed,Taxonomy lead only; independently source and collate before activation.,https://stotra.vastucart.in/stotra/mangal-dosh-nivaran-stotram
navagraha,Mangal Graha Kavacham,mangal-graha-kavacham,kavacham,8,candidate-unreviewed,Taxonomy lead only; independently source and collate before activation.,https://stotra.vastucart.in/stotra/mangal-graha-kavacham
navagraha,Mangal Kavacham,mangal-kavacham,kavacham,9,candidate-unreviewed,Taxonomy lead only; independently source and collate before activation.,https://stotra.vastucart.in/stotra/mangal-kavacham
navagraha,Mangal Sahasranama Stotram,mangal-sahasranama,sahasranama,23,candidate-unreviewed,Taxonomy lead only; independently source and collate before activation.,https://stotra.vastucart.in/stotra/mangal-sahasranama
navagraha,Mangal Stotra,mangal-stotra,stotram,8,candidate-unreviewed,Taxonomy lead only; independently source and collate before activation.,https://stotra.vastucart.in/stotra/mangal-stotra
navagraha,Mangal Stotram,mangal-stotram,stotram,5,candidate-unreviewed,Taxonomy lead only; independently source and collate before activation.,https://stotra.vastucart.in/stotra/mangal-stotram
hanuman,Mangalvar Vrat Katha (Tuesday Fasting Story),mangalvar-vrat-katha,katha,12,candidate-unreviewed,Taxonomy lead only; independently source and collate before activation.,https://stotra.vastucart.in/stotra/mangalvar-vrat-katha
shiva,Manisha Panchakam,manisha-panchakam,other,5,candidate-unreviewed,Taxonomy lead only; independently source and collate before activation.,https://stotra.vastucart.in/stotra/manisha-panchakam
vishnu,Mantra Pushpam,mantra-pushpam,mantra,5,candidate-unreviewed,Taxonomy lead only; independently source and collate before activation.,https://stotra.vastucart.in/stotra/mantra-pushpam
vishnu,Mantra Pushpanjali,mantra-pushpanjali,mantra,11,candidate-unreviewed,Taxonomy lead only; independently source and collate before activation.,https://stotra.vastucart.in/stotra/mantra-pushpanjali
vishnu,Manyu Suktam,manyu-suktam,suktam,7,candidate-unreviewed,Taxonomy lead only; independently source and collate before activation.,https://stotra.vastucart.in/stotra/manyu-suktam
shiva,Markandeya Stuti,markandeya-stuti,stuti,10,candidate-unreviewed,Taxonomy lead only; independently source and collate before activation.,https://stotra.vastucart.in/stotra/markandeya-stuti
hanuman,Maruti Ashtakam,maruti-ashtakam,ashtakam,8,candidate-unreviewed,Taxonomy lead only; independently source and collate before activation.,https://stotra.vastucart.in/stotra/maruti-ashtakam
hanuman,Maruti Stotra,maruti-stotra,stotram,11,candidate-unreviewed,Taxonomy lead only; independently source and collate before activation.,https://stotra.vastucart.in/stotra/maruti-stotra
durga,Matangi Kavacham,matangi-kavacham,kavacham,8,candidate-unreviewed,Taxonomy lead only; independently source and collate before activation.,https://stotra.vastucart.in/stotra/matangi-kavacham
durga,Matangi Stotram,matangi-stotram,stotram,8,candidate-unreviewed,Taxonomy lead only; independently source and collate before activation.,https://stotra.vastucart.in/stotra/matangi-stotram
vishnu,Matsya Stotram,matsya-stotram,stotram,11,candidate-unreviewed,Taxonomy lead only; independently source and collate before activation.,https://stotra.vastucart.in/stotra/matsya-stotram
shiva,Medha Dakshinamurthy Stotram,medha-dakshinamurthy-stotram,stotram,8,candidate-unreviewed,Taxonomy lead only; independently source and collate before activation.,https://stotra.vastucart.in/stotra/medha-dakshinamurthy-stotram
saraswati,Medha Suktam,medha-suktam,suktam,9,partial,Aadhyatma has only an excerpt or narrower treatment.,https://stotra.vastucart.in/stotra/medha-suktam
parvati,Meenakshi Pancharatnam,meenakshi-pancharatnam,pancharatnam,5,candidate-unreviewed,Taxonomy lead only; independently source and collate before activation.,https://stotra.vastucart.in/stotra/meenakshi-pancharatnam
parvati,Meenakshi Stotram,meenakshi-stotram,stotram,11,candidate-unreviewed,Taxonomy lead only; independently source and collate before activation.,https://stotra.vastucart.in/stotra/meenakshi-stotram
krishna,Meera Bhajan - Key Verses,meera-bhajan-key-verses,other,7,candidate-unreviewed,Taxonomy lead only; independently source and collate before activation.,https://stotra.vastucart.in/stotra/meera-bhajan-key-verses
hanuman,Mehandipur Balaji Aarti,mehandipur-balaji-aarti,aarti,4,handled-separately,See chalisa-aarti-existing-deities.md.,https://stotra.vastucart.in/stotra/mehandipur-balaji-aarti
shiva,Moksha Prapti Stotram,moksha-prapti-stotram,stotram,11,candidate-unreviewed,Taxonomy lead only; independently source and collate before activation.,https://stotra.vastucart.in/stotra/moksha-prapti-stotram
shiva,Mrityunjaya Kavacham,mrityunjaya-kavacham,kavacham,8,candidate-unreviewed,Taxonomy lead only; independently source and collate before activation.,https://stotra.vastucart.in/stotra/mrityunjaya-kavacham
shiva,Mrityunjaya Stotram,mrityunjaya-stotram,stotram,10,candidate-unreviewed,Taxonomy lead only; independently source and collate before activation.,https://stotra.vastucart.in/stotra/mrityunjaya-stotram
krishna,Mukunda Mala Stotram,mukunda-mala-stotram,stotram,11,candidate-unreviewed,Taxonomy lead only; independently source and collate before activation.,https://stotra.vastucart.in/stotra/mukunda-mala-stotram
vishnu,Mundaka Upanishad Key Verses,mundaka-upanishad-key-verses,upanishad,11,candidate-unreviewed,Taxonomy lead only; independently source and collate before activation.,https://stotra.vastucart.in/stotra/mundaka-upanishad-key-verses
krishna,Muralidhara Stotram,muralidhara-stotram,stotram,8,candidate-unreviewed,Taxonomy lead only; independently source and collate before activation.,https://stotra.vastucart.in/stotra/muralidhara-stotram
kartikeya,Murugan Chalisa,murugan-chalisa,chalisa,20,handled-separately,See chalisa-aarti-existing-deities.md.,https://stotra.vastucart.in/stotra/murugan-chalisa
shiva,Nag Panchami Vrat Katha,nag-panchami-vrat-katha,katha,20,candidate-unreviewed,Taxonomy lead only; independently source and collate before activation.,https://stotra.vastucart.in/stotra/nag-panchami-vrat-katha
shiva,Naga Gayatri,naga-gayatri,mantra,8,candidate-unreviewed,Taxonomy lead only; independently source and collate before activation.,https://stotra.vastucart.in/stotra/naga-gayatri
shiva,Naga Stotram,naga-stotram,stotram,9,candidate-unreviewed,Taxonomy lead only; independently source and collate before activation.,https://stotra.vastucart.in/stotra/naga-stotram
shiva,Nageshwar Stotram,nageshwar-stotram,stotram,10,candidate-unreviewed,Taxonomy lead only; independently source and collate before activation.,https://stotra.vastucart.in/stotra/nageshwar-stotram
rama,Nama Ramayanam,nama-ramayanam,other,108,candidate-unreviewed,Taxonomy lead only; independently source and collate before activation.,https://stotra.vastucart.in/stotra/nama-ramayanam
shiva,Nandi Stotram,nandi-stotram,stotram,9,candidate-unreviewed,Taxonomy lead only; independently source and collate before activation.,https://stotra.vastucart.in/stotra/nandi-stotram
vishnu,Narada Bhakti Sutra Key Verses,narada-bhakti-sutra-key-verses,other,17,candidate-unreviewed,Taxonomy lead only; independently source and collate before activation.,https://stotra.vastucart.in/stotra/narada-bhakti-sutra-key-verses
vishnu,Narada Stuti,narada-stuti,stuti,9,candidate-unreviewed,Taxonomy lead only; independently source and collate before activation.,https://stotra.vastucart.in/stotra/narada-stuti
narasimha,Narasimha Aarti,narasimha-aarti,aarti,6,handled-separately,See chalisa-aarti-existing-deities.md.,https://stotra.vastucart.in/stotra/narasimha-aarti
narasimha,Narasimha Ashtakam,narasimha-ashtakam,ashtakam,8,present,High-confidence match to current Aadhyatma content; verify exact edition before deduplication.,https://stotra.vastucart.in/stotra/narasimha-ashtakam
narasimha,Narasimha Ashtottara Shatanamavali,narasimha-ashtottara-shatanamavali,namavali,108,candidate-unreviewed,Taxonomy lead only; independently source and collate before activation.,https://stotra.vastucart.in/stotra/narasimha-ashtottara-shatanamavali
narasimha,Narasimha Dwadash Nama Stotram,narasimha-dwadash-nama,namavali,5,candidate-unreviewed,Taxonomy lead only; independently source and collate before activation.,https://stotra.vastucart.in/stotra/narasimha-dwadash-nama
narasimha,Narasimha Gayatri (Taittiriya Aranyaka),narasimha-gayatri-v2,mantra,8,candidate-unreviewed,Taxonomy lead only; independently source and collate before activation.,https://stotra.vastucart.in/stotra/narasimha-gayatri-v2
narasimha,Narasimha Gayatri Mantra,narasimha-gayatri,mantra,5,candidate-unreviewed,Taxonomy lead only; independently source and collate before activation.,https://stotra.vastucart.in/stotra/narasimha-gayatri
narasimha,Narasimha Hridayam,narasimha-hridayam,hridayam,10,candidate-unreviewed,Taxonomy lead only; independently source and collate before activation.,https://stotra.vastucart.in/stotra/narasimha-hridayam
narasimha,Narasimha Kavacham,narasimha-kavacham,kavacham,13,candidate-unreviewed,Taxonomy lead only; independently source and collate before activation.,https://stotra.vastucart.in/stotra/narasimha-kavacham
narasimha,Narasimha Mangalashtakam,narasimha-mangalashtakam,ashtakam,8,candidate-unreviewed,Taxonomy lead only; independently source and collate before activation.,https://stotra.vastucart.in/stotra/narasimha-mangalashtakam
narasimha,Narasimha Nakha Stuti,narasimha-nakha-stuti,stuti,8,candidate-unreviewed,Taxonomy lead only; independently source and collate before activation.,https://stotra.vastucart.in/stotra/narasimha-nakha-stuti
narasimha,Narasimha Panchamrita Stotram,narasimha-panchamrita-stotram,stotram,8,candidate-unreviewed,Taxonomy lead only; independently source and collate before activation.,https://stotra.vastucart.in/stotra/narasimha-panchamrita-stotram
narasimha,Narasimha Pancharatnam,narasimha-pancharatnam,pancharatnam,5,candidate-unreviewed,Taxonomy lead only; independently source and collate before activation.,https://stotra.vastucart.in/stotra/narasimha-pancharatnam
narasimha,Narasimha Sahasranama,narasimha-sahasranama,sahasranama,25,candidate-unreviewed,Taxonomy lead only; independently source and collate before activation.,https://stotra.vastucart.in/stotra/narasimha-sahasranama
narasimha,Narasimha Stotram,narasimha-stotram,stotram,10,candidate-unreviewed,Taxonomy lead only; independently source and collate before activation.,https://stotra.vastucart.in/stotra/narasimha-stotram
narasimha,Narasimha Stuti by Prahlada,narasimha-stuti-prahlada,stuti,7,candidate-unreviewed,Taxonomy lead only; independently source and collate before activation.,https://stotra.vastucart.in/stotra/narasimha-stuti-prahlada
vishnu,Narayana Ashtakam,narayana-ashtakam,ashtakam,8,candidate-unreviewed,Taxonomy lead only; independently source and collate before activation.,https://stotra.vastucart.in/stotra/narayana-ashtakam
vishnu,Narayana Hridayam,narayana-hridayam,hridayam,9,candidate-unreviewed,Taxonomy lead only; independently source and collate before activation.,https://stotra.vastucart.in/stotra/narayana-hridayam
vishnu,Narayana Jyotirmaya Stotram,narayana-jyotirmaya-stotram,stotram,8,candidate-unreviewed,Taxonomy lead only; independently source and collate before activation.,https://stotra.vastucart.in/stotra/narayana-jyotirmaya-stotram
vishnu,Narayana Kavacham,narayana-kavacham,kavacham,20,candidate-unreviewed,Taxonomy lead only; independently source and collate before activation.,https://stotra.vastucart.in/stotra/narayana-kavacham
vishnu,Narayana Suktam,narayana-suktam,suktam,14,present,High-confidence match to current Aadhyatma content; verify exact edition before deduplication.,https://stotra.vastucart.in/stotra/narayana-suktam
vishnu,Narayana Upanishad,narayana-upanishad,upanishad,3,candidate-unreviewed,Taxonomy lead only; independently source and collate before activation.,https://stotra.vastucart.in/stotra/narayana-upanishad
ganga,Narmada Ashtakam,narmada-ashtakam,ashtakam,8,candidate-unreviewed,Taxonomy lead only; independently source and collate before activation.,https://stotra.vastucart.in/stotra/narmada-ashtakam
ganga,Narmada Stotram,narmada-stotram,stotram,5,candidate-unreviewed,Taxonomy lead only; independently source and collate before activation.,https://stotra.vastucart.in/stotra/narmada-stotram
narasimha,Narsimha Chalisa,narsimha-chalisa,chalisa,42,handled-separately,See chalisa-aarti-existing-deities.md.,https://stotra.vastucart.in/stotra/narsimha-chalisa
vishnu,Nasadiya Suktam,nasadiya-suktam,suktam,7,candidate-unreviewed,Taxonomy lead only; independently source and collate before activation.,https://stotra.vastucart.in/stotra/nasadiya-suktam
shiva,Nataraja Stotram,nataraja-stotram,stotram,6,candidate-unreviewed,Taxonomy lead only; independently source and collate before activation.,https://stotra.vastucart.in/stotra/nataraja-stotram
vishnu,Naukari Prapti Stotram,naukari-prapti-stotram,stotram,8,candidate-unreviewed,Taxonomy lead only; independently source and collate before activation.,https://stotra.vastucart.in/stotra/naukari-prapti-stotram
durga,Nava Durga Dhyanam,nava-durga-dhyanam,dhyanam,9,candidate-unreviewed,Taxonomy lead only; independently source and collate before activation.,https://stotra.vastucart.in/stotra/nava-durga-dhyanam
durga,Navadurga Gayatri,navadurga-gayatri,mantra,9,candidate-unreviewed,Taxonomy lead only; independently source and collate before activation.,https://stotra.vastucart.in/stotra/navadurga-gayatri
durga,Navadurga Kavacham,navadurga-kavacham,kavacham,14,candidate-unreviewed,Taxonomy lead only; independently source and collate before activation.,https://stotra.vastucart.in/stotra/navadurga-kavacham
navagraha,Navagraha Beej Mantra,navagraha-mantra,mantra,9,candidate-unreviewed,Taxonomy lead only; independently source and collate before activation.,https://stotra.vastucart.in/stotra/navagraha-mantra
navagraha,Navagraha Gayatri Mantras,navagraha-gayatri,mantra,10,candidate-unreviewed,Taxonomy lead only; independently source and collate before activation.,https://stotra.vastucart.in/stotra/navagraha-gayatri
navagraha,Navagraha Kavach,navagraha-kavach,kavacham,10,candidate-unreviewed,Taxonomy lead only; independently source and collate before activation.,https://stotra.vastucart.in/stotra/navagraha-kavach
navagraha,Navagraha Kavacham,navagraha-kavacham,kavacham,6,candidate-unreviewed,Taxonomy lead only; independently source and collate before activation.,https://stotra.vastucart.in/stotra/navagraha-kavacham
navagraha,Navagraha Shanti Stotram,navagraha-shanti-stotram,stotram,10,candidate-unreviewed,Taxonomy lead only; independently source and collate before activation.,https://stotra.vastucart.in/stotra/navagraha-shanti-stotram
navagraha,Navagraha Stotra,navagraha-stotra,stotram,9,present,High-confidence match to current Aadhyatma content; verify exact edition before deduplication.,https://stotra.vastucart.in/stotra/navagraha-stotra
navagraha,Navagraha Stotram Brihaspati,navagraha-stotram-brihaspati,stotram,5,candidate-unreviewed,Taxonomy lead only; independently source and collate before activation.,https://stotra.vastucart.in/stotra/navagraha-stotram-brihaspati
navagraha,Navaratna Stotram,navaratna-stotram,stotram,10,candidate-unreviewed,Taxonomy lead only; independently source and collate before activation.,https://stotra.vastucart.in/stotra/navaratna-stotram
durga,Navarna Mantra Vidhana,navarna-mantra-vidhana,mantra,10,candidate-unreviewed,Taxonomy lead only; independently source and collate before activation.,https://stotra.vastucart.in/stotra/navarna-mantra-vidhana
durga,Navdurga Stotram,navdurga-stotram,stotram,9,candidate-unreviewed,Taxonomy lead only; independently source and collate before activation.,https://stotra.vastucart.in/stotra/navdurga-stotram
durga,Navratri Vrat Katha,navratri-vrat-katha,katha,22,candidate-unreviewed,Taxonomy lead only; independently source and collate before activation.,https://stotra.vastucart.in/stotra/navratri-vrat-katha
shiva,Neelakanthesha Stotram,neelakanthesha-stotram,stotram,8,candidate-unreviewed,Taxonomy lead only; independently source and collate before activation.,https://stotra.vastucart.in/stotra/neelakanthesha-stotram
shiva,Nirvana Shatakam,nirvana-shatakam,stotram,6,candidate-unreviewed,Taxonomy lead only; independently source and collate before activation.,https://stotra.vastucart.in/stotra/nirvana-shatakam
vishnu,Niti Shatakam,niti-shatakam,stotram,10,candidate-unreviewed,Taxonomy lead only; independently source and collate before activation.,https://stotra.vastucart.in/stotra/niti-shatakam
vishnu,Om Jai Jagdish Hare,om-jai-jagdish-hare,aarti,8,handled-separately,See chalisa-aarti-existing-deities.md.,https://stotra.vastucart.in/stotra/om-jai-jagdish-hare
shiva,Omkareshwar Stotram,omkareshwar-stotram,stotram,10,candidate-unreviewed,Taxonomy lead only; independently source and collate before activation.,https://stotra.vastucart.in/stotra/omkareshwar-stotram
vishnu,Padmanabha Ashtakam,padmanabha-ashtakam,ashtakam,8,candidate-unreviewed,Taxonomy lead only; independently source and collate before activation.,https://stotra.vastucart.in/stotra/padmanabha-ashtakam
lakshmi,Padmavathi Stotram,padmavathi-stotram,stotram,8,candidate-unreviewed,Taxonomy lead only; independently source and collate before activation.,https://stotra.vastucart.in/stotra/padmavathi-stotram
shiva,Pancha Ratna Stotram,pancha-ratna-stotram,stotram,5,candidate-unreviewed,Taxonomy lead only; independently source and collate before activation.,https://stotra.vastucart.in/stotra/pancha-ratna-stotram
vishnu,Pancha Suktam,pancha-suktam,suktam,14,candidate-unreviewed,Taxonomy lead only; independently source and collate before activation.,https://stotra.vastucart.in/stotra/pancha-suktam
hanuman,Panchamukhi Hanuman Kavach,panchamukhi-hanuman-kavach,kavacham,12,candidate-unreviewed,Taxonomy lead only; independently source and collate before activation.,https://stotra.vastucart.in/stotra/panchamukhi-hanuman-kavach
hanuman,Panchamukhi Hanuman Kavacham,panchamukhi-hanuman-kavacham,kavacham,5,candidate-unreviewed,Taxonomy lead only; independently source and collate before activation.,https://stotra.vastucart.in/stotra/panchamukhi-hanuman-kavacham
vishnu,Panchayatana Puja Stotram,panchayatana-puja-stotram,ritual,10,candidate-unreviewed,Taxonomy lead only; independently source and collate before activation.,https://stotra.vastucart.in/stotra/panchayatana-puja-stotram
vishnu,Parashurama Stotram,parashurama-stotram,stotram,11,candidate-unreviewed,Taxonomy lead only; independently source and collate before activation.,https://stotra.vastucart.in/stotra/parashurama-stotram
parvati,Parvati Ashtakam,parvati-ashtakam,ashtakam,8,candidate-unreviewed,Taxonomy lead only; independently source and collate before activation.,https://stotra.vastucart.in/stotra/parvati-ashtakam
parvati,Parvati Ashtottara Shatanamavali,parvati-ashtottara-shatanamavali,namavali,108,candidate-unreviewed,Taxonomy lead only; independently source and collate before activation.,https://stotra.vastucart.in/stotra/parvati-ashtottara-shatanamavali
parvati,Parvati Chalisa,parvati-chalisa,chalisa,42,handled-separately,See chalisa-aarti-existing-deities.md.,https://stotra.vastucart.in/stotra/parvati-chalisa
parvati,Parvati Hridayam,parvati-hridayam,hridayam,8,candidate-unreviewed,Taxonomy lead only; independently source and collate before activation.,https://stotra.vastucart.in/stotra/parvati-hridayam
parvati,Parvati Kavacham,parvati-kavacham,kavacham,8,candidate-unreviewed,Taxonomy lead only; independently source and collate before activation.,https://stotra.vastucart.in/stotra/parvati-kavacham
parvati,Parvati Mangal,parvati-mangal,other,10,candidate-unreviewed,Taxonomy lead only; independently source and collate before activation.,https://stotra.vastucart.in/stotra/parvati-mangal
parvati,Parvati Mangalashtakam,parvati-mangalashtakam,ashtakam,8,candidate-unreviewed,Taxonomy lead only; independently source and collate before activation.,https://stotra.vastucart.in/stotra/parvati-mangalashtakam
parvati,Parvati Sahasranama Stotram,parvati-sahasranama,sahasranama,10,candidate-unreviewed,Taxonomy lead only; independently source and collate before activation.,https://stotra.vastucart.in/stotra/parvati-sahasranama
parvati,Parvati Stotram,parvati-stotram,stotram,11,candidate-unreviewed,Taxonomy lead only; independently source and collate before activation.,https://stotra.vastucart.in/stotra/parvati-stotram
shiva,Pashupatinath Stotram,pashupatinath-stotram,stotram,8,candidate-unreviewed,Taxonomy lead only; independently source and collate before activation.,https://stotra.vastucart.in/stotra/pashupatinath-stotram
vishnu,Pavamana Suktam,pavamana-suktam,suktam,10,candidate-unreviewed,Taxonomy lead only; independently source and collate before activation.,https://stotra.vastucart.in/stotra/pavamana-suktam
vishnu,Pitru Dosh Nivaran Stotram,pitru-dosh-nivaran-stotram,stotram,10,candidate-unreviewed,Taxonomy lead only; independently source and collate before activation.,https://stotra.vastucart.in/stotra/pitru-dosh-nivaran-stotram
shiva,Pradosh Vrat Katha,pradosh-vrat-katha,katha,15,candidate-unreviewed,Taxonomy lead only; independently source and collate before activation.,https://stotra.vastucart.in/stotra/pradosh-vrat-katha
shiva,Pradosha Stotram,pradosha-stotra,stotram,10,candidate-unreviewed,Taxonomy lead only; independently source and collate before activation.,https://stotra.vastucart.in/stotra/pradosha-stotra
vishnu,Prahlada Stuti,prahlada-stuti,stuti,8,candidate-unreviewed,Taxonomy lead only; independently source and collate before activation.,https://stotra.vastucart.in/stotra/prahlada-stuti
vishnu,Prarthana Shloka Sangraha (Essential Daily Shlokas),prarthana-shloka-sangraha,other,13,candidate-unreviewed,Taxonomy lead only; independently source and collate before activation.,https://stotra.vastucart.in/stotra/prarthana-shloka-sangraha
surya,Pratah Kaal Stotram,pratah-kaal-stotram,stotram,10,candidate-unreviewed,Taxonomy lead only; independently source and collate before activation.,https://stotra.vastucart.in/stotra/pratah-kaal-stotram
vishnu,Pratah Prarthana (Morning Prayer),pratah-prarthana,other,12,candidate-unreviewed,Taxonomy lead only; independently source and collate before activation.,https://stotra.vastucart.in/stotra/pratah-prarthana
vishnu,Pratah Smarana Stotram,pratah-smarana-stotram,stotram,3,candidate-unreviewed,Taxonomy lead only; independently source and collate before activation.,https://stotra.vastucart.in/stotra/pratah-smarana-stotram
kali,Pratyangira Stotram,pratyangira-stotram,stotram,10,candidate-unreviewed,Taxonomy lead only; independently source and collate before activation.,https://stotra.vastucart.in/stotra/pratyangira-stotram
vishnu,Prithvi Suktam,prithvi-suktam,suktam,11,candidate-unreviewed,Taxonomy lead only; independently source and collate before activation.,https://stotra.vastucart.in/stotra/prithvi-suktam
vishnu,Purusha Suktam,purusha-suktam,suktam,18,present,High-confidence match to current Aadhyatma content; verify exact edition before deduplication.,https://stotra.vastucart.in/stotra/purusha-suktam
vishnu,Purushashtakam,purushashtakam,ashtakam,8,candidate-unreviewed,Taxonomy lead only; independently source and collate before activation.,https://stotra.vastucart.in/stotra/purushashtakam
radha,Radha Ashtakam,radha-ashtakam,ashtakam,8,variant-review,"Title-level match exists, but composition or edition identity needs line-level comparison.",https://stotra.vastucart.in/stotra/radha-ashtakam
radha,Radha Chalisa,radha-chalisa,chalisa,42,handled-separately,See chalisa-aarti-existing-deities.md.,https://stotra.vastucart.in/stotra/radha-chalisa
radha,Radha Hridayam,radha-hridayam,hridayam,8,candidate-unreviewed,Taxonomy lead only; independently source and collate before activation.,https://stotra.vastucart.in/stotra/radha-hridayam
radha,Radha Kavacham,radha-kavacham,kavacham,8,candidate-unreviewed,Taxonomy lead only; independently source and collate before activation.,https://stotra.vastucart.in/stotra/radha-kavacham
radha,Radha Kripa Kataksha Stotram,radha-kripa-kataksha-stotram,stotram,11,candidate-unreviewed,Taxonomy lead only; independently source and collate before activation.,https://stotra.vastucart.in/stotra/radha-kripa-kataksha-stotram
krishna,Radha Krishna Ashtakam,radha-krishna-ashtakam,ashtakam,8,candidate-unreviewed,Taxonomy lead only; independently source and collate before activation.,https://stotra.vastucart.in/stotra/radha-krishna-ashtakam
radha,Radha Mangalashtakam,radha-mangalashtakam,ashtakam,8,candidate-unreviewed,Taxonomy lead only; independently source and collate before activation.,https://stotra.vastucart.in/stotra/radha-mangalashtakam
radha,Radha Sahasranama,radha-sahasranama,sahasranama,25,candidate-unreviewed,Taxonomy lead only; independently source and collate before activation.,https://stotra.vastucart.in/stotra/radha-sahasranama
radha,Radha Stotram,radha-stotram,stotram,10,candidate-unreviewed,Taxonomy lead only; independently source and collate before activation.,https://stotra.vastucart.in/stotra/radha-stotram
radha,Radha Stuti,radha-stuti,stuti,7,candidate-unreviewed,Taxonomy lead only; independently source and collate before activation.,https://stotra.vastucart.in/stotra/radha-stuti
rama,Raghunatha Ashtakam,raghunatha-ashtakam,ashtakam,8,candidate-unreviewed,Taxonomy lead only; independently source and collate before activation.,https://stotra.vastucart.in/stotra/raghunatha-ashtakam
rama,Raghuveera Gadyam,raghuveera-gadyam,other,7,candidate-unreviewed,Taxonomy lead only; independently source and collate before activation.,https://stotra.vastucart.in/stotra/raghuveera-gadyam
durga,Rahu Dosh Nivaran Stotram,rahu-dosh-nivaran-stotram,stotram,7,candidate-unreviewed,Taxonomy lead only; independently source and collate before activation.,https://stotra.vastucart.in/stotra/rahu-dosh-nivaran-stotram
navagraha,Rahu Kavacham,rahu-kavacham,kavacham,9,candidate-unreviewed,Taxonomy lead only; independently source and collate before activation.,https://stotra.vastucart.in/stotra/rahu-kavacham
navagraha,Rahu Ketu Stotram,rahu-ketu-stotram,stotram,10,candidate-unreviewed,Taxonomy lead only; independently source and collate before activation.,https://stotra.vastucart.in/stotra/rahu-ketu-stotram
navagraha,Rahu Sahasranama Stotram,rahu-sahasranama,sahasranama,23,candidate-unreviewed,Taxonomy lead only; independently source and collate before activation.,https://stotra.vastucart.in/stotra/rahu-sahasranama
navagraha,Rahu Stotra,rahu-stotra,stotram,8,candidate-unreviewed,Taxonomy lead only; independently source and collate before activation.,https://stotra.vastucart.in/stotra/rahu-stotra
navagraha,Rahu Stotram,rahu-stotram,stotram,5,candidate-unreviewed,Taxonomy lead only; independently source and collate before activation.,https://stotra.vastucart.in/stotra/rahu-stotram
lakshmi,Raksha Bandhan Stotram,raksha-bandhan-stotram,stotram,9,candidate-unreviewed,Taxonomy lead only; independently source and collate before activation.,https://stotra.vastucart.in/stotra/raksha-bandhan-stotram
rama,Ram Aarti,ram-aarti,aarti,5,handled-separately,See chalisa-aarti-existing-deities.md.,https://stotra.vastucart.in/stotra/ram-aarti
rama,Ram Chalisa,ram-chalisa,chalisa,13,handled-separately,See chalisa-aarti-existing-deities.md.,https://stotra.vastucart.in/stotra/ram-chalisa
rama,Ram Navami Vrat Katha,ram-navami-vrat-katha,katha,16,candidate-unreviewed,Taxonomy lead only; independently source and collate before activation.,https://stotra.vastucart.in/stotra/ram-navami-vrat-katha
rama,Ram Satsai,ram-satsal,other,15,candidate-unreviewed,Taxonomy lead only; independently source and collate before activation.,https://stotra.vastucart.in/stotra/ram-satsal
rama,Ram Stuti,ram-stuti,stuti,3,present,High-confidence match to current Aadhyatma content; verify exact edition before deduplication.,https://stotra.vastucart.in/stotra/ram-stuti
rama,Rama Ashtakam,rama-ashtakam,ashtakam,8,candidate-unreviewed,Taxonomy lead only; independently source and collate before activation.,https://stotra.vastucart.in/stotra/rama-ashtakam
rama,Rama Ashtottara Shatanamavali,rama-ashtottara-shatanamavali,namavali,108,candidate-unreviewed,Taxonomy lead only; independently source and collate before activation.,https://stotra.vastucart.in/stotra/rama-ashtottara-shatanamavali
rama,Rama Dwadash Nama Stotram,rama-dwadash-nama,namavali,12,candidate-unreviewed,Taxonomy lead only; independently source and collate before activation.,https://stotra.vastucart.in/stotra/rama-dwadash-nama
rama,Rama Gayatri Mantra,rama-gayatri,mantra,3,candidate-unreviewed,Taxonomy lead only; independently source and collate before activation.,https://stotra.vastucart.in/stotra/rama-gayatri
rama,Rama Hridayam,rama-hridayam,hridayam,7,candidate-unreviewed,Taxonomy lead only; independently source and collate before activation.,https://stotra.vastucart.in/stotra/rama-hridayam
rama,Rama Kavacham,rama-kavacham,kavacham,12,candidate-unreviewed,Taxonomy lead only; independently source and collate before activation.,https://stotra.vastucart.in/stotra/rama-kavacham
rama,Rama Mangalashtakam,rama-mangalashtakam,ashtakam,8,candidate-unreviewed,Taxonomy lead only; independently source and collate before activation.,https://stotra.vastucart.in/stotra/rama-mangalashtakam
rama,Rama Panchakam,rama-panchakam,other,5,candidate-unreviewed,Taxonomy lead only; independently source and collate before activation.,https://stotra.vastucart.in/stotra/rama-panchakam
rama,Rama Pancharatnam,rama-pancharatnam,pancharatnam,5,candidate-unreviewed,Taxonomy lead only; independently source and collate before activation.,https://stotra.vastucart.in/stotra/rama-pancharatnam
rama,Rama Sahasranama Stotram,rama-sahasranama,sahasranama,30,candidate-unreviewed,Taxonomy lead only; independently source and collate before activation.,https://stotra.vastucart.in/stotra/rama-sahasranama
rama,Rama Stotram,rama-stotram,stotram,11,candidate-unreviewed,Taxonomy lead only; independently source and collate before activation.,https://stotra.vastucart.in/stotra/rama-stotram
rama,Ramayana Chopai,ramayana-chopai,other,20,candidate-unreviewed,Taxonomy lead only; independently source and collate before activation.,https://stotra.vastucart.in/stotra/ramayana-chopai
shiva,Rameshwaram Stotram,rameshwaram-stotram,stotram,11,candidate-unreviewed,Taxonomy lead only; independently source and collate before activation.,https://stotra.vastucart.in/stotra/rameshwaram-stotram
rama,Ramraksha Stotra,ramraksha-stotra,stotram,17,present,High-confidence match to current Aadhyatma content; verify exact edition before deduplication.,https://stotra.vastucart.in/stotra/ramraksha-stotra
vishnu,Ranganatha Ashtakam,ranganatha-ashtakam,ashtakam,8,candidate-unreviewed,Taxonomy lead only; independently source and collate before activation.,https://stotra.vastucart.in/stotra/ranganatha-ashtakam
surya,Ratha Saptami Stotram,ratha-saptami-stotram,stotram,8,candidate-unreviewed,Taxonomy lead only; independently source and collate before activation.,https://stotra.vastucart.in/stotra/ratha-saptami-stotram
durga,Ratri Suktam,ratri-suktam,suktam,13,candidate-unreviewed,Taxonomy lead only; independently source and collate before activation.,https://stotra.vastucart.in/stotra/ratri-suktam
surya,Ravivar Vrat Katha (Sunday Fasting Story),ravivar-vrat-katha,katha,14,candidate-unreviewed,Taxonomy lead only; independently source and collate before activation.,https://stotra.vastucart.in/stotra/ravivar-vrat-katha
lakshmi,Rin Mukti Stotram,rin-mukti-stotram,stotram,12,candidate-unreviewed,Taxonomy lead only; independently source and collate before activation.,https://stotra.vastucart.in/stotra/rin-mukti-stotram
shiva,Rudra Gayatri,rudra-gayatri,mantra,3,candidate-unreviewed,Taxonomy lead only; independently source and collate before activation.,https://stotra.vastucart.in/stotra/rudra-gayatri
shiva,Rudra Suktam,rudra-suktam,suktam,10,candidate-unreviewed,Taxonomy lead only; independently source and collate before activation.,https://stotra.vastucart.in/stotra/rudra-suktam
shiva,Rudram Chamakam Excerpt,rudram-chamakam-excerpt,suktam,6,candidate-unreviewed,Taxonomy lead only; independently source and collate before activation.,https://stotra.vastucart.in/stotra/rudram-chamakam-excerpt
shiva,Rudrashtakam,rudrashtakam,ashtakam,9,present,Integrated 2026-07-31 from independently collated Ramcharitmanas sources: 8 shlokas plus the concluding phalashruti; competitor remained taxonomy-only.,https://stotra.vastucart.in/stotra/rudrashtakam
krishna,Rukmini Mangalashtakam,rukmini-mangalashtakam,ashtakam,8,candidate-unreviewed,Taxonomy lead only; independently source and collate before activation.,https://stotra.vastucart.in/stotra/rukmini-mangalashtakam
vishnu,Sadhana Panchakam,sadhana-panchakam,other,5,candidate-unreviewed,Taxonomy lead only; independently source and collate before activation.,https://stotra.vastucart.in/stotra/sadhana-panchakam
surya,Sandhya Vandana,sandhya-vandana,stuti,18,candidate-unreviewed,Taxonomy lead only; independently source and collate before activation.,https://stotra.vastucart.in/stotra/sandhya-vandana
hanuman,Sankat Mochan Hanuman Ashtak,sankat-mochan-hanuman-ashtak,ashtakam,8,present,High-confidence match to current Aadhyatma content; verify exact edition before deduplication.,https://stotra.vastucart.in/stotra/sankat-mochan-hanuman-ashtak
ganesha,Sankat Nashan Ganesh Stotra,sankat-nashan-ganesh-stotra,stotram,8,present,High-confidence match to current Aadhyatma content; verify exact edition before deduplication.,https://stotra.vastucart.in/stotra/sankat-nashan-ganesh-stotra
krishna,Santan Gopala Mantra,santan-gopala-mantra,mantra,10,candidate-unreviewed,Taxonomy lead only; independently source and collate before activation.,https://stotra.vastucart.in/stotra/santan-gopala-mantra
krishna,Santan Gopala Stotram,santan-gopala-stotram,stotram,12,candidate-unreviewed,Taxonomy lead only; independently source and collate before activation.,https://stotra.vastucart.in/stotra/santan-gopala-stotram
lakshmi,Santan Lakshmi Stotram,santan-lakshmi-stotram,stotram,10,candidate-unreviewed,Taxonomy lead only; independently source and collate before activation.,https://stotra.vastucart.in/stotra/santan-lakshmi-stotram
krishna,Santan Prapti Stotram,santan-prapti-stotram,stotram,10,candidate-unreviewed,Taxonomy lead only; independently source and collate before activation.,https://stotra.vastucart.in/stotra/santan-prapti-stotram
durga,Santoshi Mata Aarti,santoshi-mata-aarti,aarti,8,handled-separately,See chalisa-aarti-existing-deities.md.,https://stotra.vastucart.in/stotra/santoshi-mata-aarti
durga,Santoshi Mata Chalisa,santoshi-mata-chalisa,chalisa,40,handled-separately,See chalisa-aarti-existing-deities.md.,https://stotra.vastucart.in/stotra/santoshi-mata-chalisa
durga,Santoshi Mata Vrat Katha,santoshi-mata-vrat-katha,katha,18,candidate-unreviewed,Taxonomy lead only; independently source and collate before activation.,https://stotra.vastucart.in/stotra/santoshi-mata-vrat-katha
krishna,Saptashloki Gita,saptashloki-gita,gita,7,candidate-unreviewed,Taxonomy lead only; independently source and collate before activation.,https://stotra.vastucart.in/stotra/saptashloki-gita
saraswati,Saraswati Aarti,saraswati-aarti,aarti,9,handled-separately,See chalisa-aarti-existing-deities.md.,https://stotra.vastucart.in/stotra/saraswati-aarti
saraswati,Saraswati Ashtakam,saraswati-ashtakam,ashtakam,8,candidate-unreviewed,Taxonomy lead only; independently source and collate before activation.,https://stotra.vastucart.in/stotra/saraswati-ashtakam
saraswati,Saraswati Ashtottara Shatanamavali,saraswati-ashtottara-shatanamavali,namavali,108,candidate-unreviewed,Taxonomy lead only; independently source and collate before activation.,https://stotra.vastucart.in/stotra/saraswati-ashtottara-shatanamavali
saraswati,Saraswati Chalisa,saraswati-chalisa,chalisa,42,handled-separately,See chalisa-aarti-existing-deities.md.,https://stotra.vastucart.in/stotra/saraswati-chalisa
saraswati,Saraswati Dwadash Nama Stotram,saraswati-dwadash-nama,namavali,7,candidate-unreviewed,Taxonomy lead only; independently source and collate before activation.,https://stotra.vastucart.in/stotra/saraswati-dwadash-nama
saraswati,Saraswati Gayatri Mantra,saraswati-gayatri,mantra,4,candidate-unreviewed,Taxonomy lead only; independently source and collate before activation.,https://stotra.vastucart.in/stotra/saraswati-gayatri
saraswati,Saraswati Hridayam,saraswati-hridayam,hridayam,8,candidate-unreviewed,Taxonomy lead only; independently source and collate before activation.,https://stotra.vastucart.in/stotra/saraswati-hridayam
saraswati,Saraswati Kavacham,saraswati-kavacham,kavacham,9,candidate-unreviewed,Taxonomy lead only; independently source and collate before activation.,https://stotra.vastucart.in/stotra/saraswati-kavacham
saraswati,Saraswati Mangalashtakam,saraswati-mangalashtakam,ashtakam,8,candidate-unreviewed,Taxonomy lead only; independently source and collate before activation.,https://stotra.vastucart.in/stotra/saraswati-mangalashtakam
saraswati,Saraswati Panchakam,saraswati-panchakam,other,5,candidate-unreviewed,Taxonomy lead only; independently source and collate before activation.,https://stotra.vastucart.in/stotra/saraswati-panchakam
saraswati,Saraswati Pancharatnam,saraswati-pancharatnam,pancharatnam,5,candidate-unreviewed,Taxonomy lead only; independently source and collate before activation.,https://stotra.vastucart.in/stotra/saraswati-pancharatnam
saraswati,Saraswati Rahasya Stotram,saraswati-rahasya-stotram,stotram,7,candidate-unreviewed,Taxonomy lead only; independently source and collate before activation.,https://stotra.vastucart.in/stotra/saraswati-rahasya-stotram
saraswati,Saraswati Sahasranama Stotram,saraswati-sahasranama,sahasranama,25,candidate-unreviewed,Taxonomy lead only; independently source and collate before activation.,https://stotra.vastucart.in/stotra/saraswati-sahasranama
saraswati,Saraswati Stotram,saraswati-stotram,stotram,11,variant-review,"Title-level match exists, but composition or edition identity needs line-level comparison.",https://stotra.vastucart.in/stotra/saraswati-stotram
saraswati,Saraswati Stuti,saraswati-stuti,stuti,11,candidate-unreviewed,Taxonomy lead only; independently source and collate before activation.,https://stotra.vastucart.in/stotra/saraswati-stuti
saraswati,Saraswati Suktam,saraswati-suktam,suktam,8,candidate-unreviewed,Taxonomy lead only; independently source and collate before activation.,https://stotra.vastucart.in/stotra/saraswati-suktam
saraswati,Saraswati Vandana,saraswati-vandana,stuti,7,present,High-confidence match to current Aadhyatma content; verify exact edition before deduplication.,https://stotra.vastucart.in/stotra/saraswati-vandana
shiva,Sarpa Dosha Nivaran Stotram,sarpa-dosha-nivaran-stotram,stotram,8,candidate-unreviewed,Taxonomy lead only; independently source and collate before activation.,https://stotra.vastucart.in/stotra/sarpa-dosha-nivaran-stotram
vishnu,Sarva Devata Stotram,sarva-devata-stotram,stotram,11,candidate-unreviewed,Taxonomy lead only; independently source and collate before activation.,https://stotra.vastucart.in/stotra/sarva-devata-stotram
vishnu,Sarva Karya Siddhi Stotram,sarva-karya-siddhi-stotram,stotram,9,candidate-unreviewed,Taxonomy lead only; independently source and collate before activation.,https://stotra.vastucart.in/stotra/sarva-karya-siddhi-stotram
durga,Sarva Mangala Stotram,sarva-mangala-stotram,stotram,10,candidate-unreviewed,Taxonomy lead only; independently source and collate before activation.,https://stotra.vastucart.in/stotra/sarva-mangala-stotram
vishnu,Satyanarayan Aarti,satyanarayan-aarti,aarti,6,handled-separately,See chalisa-aarti-existing-deities.md.,https://stotra.vastucart.in/stotra/satyanarayan-aarti
vishnu,Satyanarayan Chalisa,satyanarayan-chalisa,chalisa,42,handled-separately,See chalisa-aarti-existing-deities.md.,https://stotra.vastucart.in/stotra/satyanarayan-chalisa
vishnu,Satyanarayan Stotram,satyanarayan-stotram,stotram,8,candidate-unreviewed,Taxonomy lead only; independently source and collate before activation.,https://stotra.vastucart.in/stotra/satyanarayan-stotram
vishnu,Satyanarayan Vrat Katha,satyanarayan-katha,katha,30,candidate-unreviewed,Taxonomy lead only; independently source and collate before activation.,https://stotra.vastucart.in/stotra/satyanarayan-katha
lakshmi,Saubhagya Lakshmi Stotram,saubhagya-lakshmi-stotram,stotram,8,candidate-unreviewed,Taxonomy lead only; independently source and collate before activation.,https://stotra.vastucart.in/stotra/saubhagya-lakshmi-stotram
surya,Savitri Gayatri Extended,savitri-gayatri-extended,mantra,7,candidate-unreviewed,Taxonomy lead only; independently source and collate before activation.,https://stotra.vastucart.in/stotra/savitri-gayatri-extended
durga,Shailputri Stotram,shailputri-stotram,stotram,11,candidate-unreviewed,Taxonomy lead only; independently source and collate before activation.,https://stotra.vastucart.in/stotra/shailputri-stotram
durga,Shakambhari Stotram,shakambhari-stotram,stotram,13,candidate-unreviewed,Taxonomy lead only; independently source and collate before activation.,https://stotra.vastucart.in/stotra/shakambhari-stotram
durga,Shakti Panchakam,shakti-panchakam,other,5,candidate-unreviewed,Taxonomy lead only; independently source and collate before activation.,https://stotra.vastucart.in/stotra/shakti-panchakam
shani,Shani Aarti,shani-aarti,aarti,11,handled-separately,See chalisa-aarti-existing-deities.md.,https://stotra.vastucart.in/stotra/shani-aarti
shani,Shani Ashtottara Shatanamavali,shani-ashtottara-shatanamavali,namavali,108,candidate-unreviewed,Taxonomy lead only; independently source and collate before activation.,https://stotra.vastucart.in/stotra/shani-ashtottara-shatanamavali
shani,Shani Chalisa,shani-chalisa,chalisa,40,handled-separately,See chalisa-aarti-existing-deities.md.,https://stotra.vastucart.in/stotra/shani-chalisa
shani,Shani Dasharatha Stotram,shani-dashrath-stotram,stotram,9,candidate-unreviewed,Taxonomy lead only; independently source and collate before activation.,https://stotra.vastucart.in/stotra/shani-dashrath-stotram
shani,Shani Gayatri,shani-gayatri,mantra,3,candidate-unreviewed,Taxonomy lead only; independently source and collate before activation.,https://stotra.vastucart.in/stotra/shani-gayatri
shani,Shani Hridayam,shani-hridayam,hridayam,8,candidate-unreviewed,Taxonomy lead only; independently source and collate before activation.,https://stotra.vastucart.in/stotra/shani-hridayam
shani,Shani Kavacham,shani-kavacham,kavacham,8,candidate-unreviewed,Taxonomy lead only; independently source and collate before activation.,https://stotra.vastucart.in/stotra/shani-kavacham
shani,Shani Mahatmya Stotram,shani-mahatmya,stotram,12,candidate-unreviewed,Taxonomy lead only; independently source and collate before activation.,https://stotra.vastucart.in/stotra/shani-mahatmya
shani,Shani Mangalashtakam,shani-mangalashtakam,ashtakam,8,candidate-unreviewed,Taxonomy lead only; independently source and collate before activation.,https://stotra.vastucart.in/stotra/shani-mangalashtakam
shani,Shani Pancharatnam,shani-pancharatnam,pancharatnam,5,candidate-unreviewed,Taxonomy lead only; independently source and collate before activation.,https://stotra.vastucart.in/stotra/shani-pancharatnam
shani,Shani Sahasranama Stotram,shani-sahasranama,sahasranama,23,candidate-unreviewed,Taxonomy lead only; independently source and collate before activation.,https://stotra.vastucart.in/stotra/shani-sahasranama
shani,Shani Stotra (by King Dasharatha),shani-stotra,stotram,12,candidate-unreviewed,Taxonomy lead only; independently source and collate before activation.,https://stotra.vastucart.in/stotra/shani-stotra
shani,Shani Vajrapanjara Kavacham,shani-vajrapanjara-kavach,kavacham,7,candidate-unreviewed,Taxonomy lead only; independently source and collate before activation.,https://stotra.vastucart.in/stotra/shani-vajrapanjara-kavach
shani,Shani Vajrapanjara Stotram (by Dasharatha),shani-stotram-dasharatha,stotram,10,candidate-unreviewed,Taxonomy lead only; independently source and collate before activation.,https://stotra.vastucart.in/stotra/shani-stotram-dasharatha
shani,Shanivar Vrat Katha (Saturday Fasting Story),shanivar-vrat-katha,katha,14,candidate-unreviewed,Taxonomy lead only; independently source and collate before activation.,https://stotra.vastucart.in/stotra/shanivar-vrat-katha
shiva,Shankaracharya Ashtakam,shankaracharya-ashtakam,ashtakam,8,candidate-unreviewed,Taxonomy lead only; independently source and collate before activation.,https://stotra.vastucart.in/stotra/shankaracharya-ashtakam
kartikeya,Shanmukha Gayatri,shanmukha-gayatri,mantra,8,candidate-unreviewed,Taxonomy lead only; independently source and collate before activation.,https://stotra.vastucart.in/stotra/shanmukha-gayatri
kartikeya,Shanmukha Stotram,shanmukha-stotram,stotram,8,candidate-unreviewed,Taxonomy lead only; independently source and collate before activation.,https://stotra.vastucart.in/stotra/shanmukha-stotram
vishnu,Shanti Path - Om Dyauh Shanti,shanti-path,other,7,candidate-unreviewed,Taxonomy lead only; independently source and collate before activation.,https://stotra.vastucart.in/stotra/shanti-path
shiva,Sharabha Stotram,sharabha-stotram,stotram,9,candidate-unreviewed,Taxonomy lead only; independently source and collate before activation.,https://stotra.vastucart.in/stotra/sharabha-stotram
lakshmi,Sharad Purnima Vrat Katha,sharad-purnima-vrat-katha,katha,14,candidate-unreviewed,Taxonomy lead only; independently source and collate before activation.,https://stotra.vastucart.in/stotra/sharad-purnima-vrat-katha
vishnu,Sharanagati Gadyam,sharanagati-gadyam,other,8,candidate-unreviewed,Taxonomy lead only; independently source and collate before activation.,https://stotra.vastucart.in/stotra/sharanagati-gadyam
vishnu,Sharanu Ghosha,sharanu-ghosha,other,12,candidate-unreviewed,Taxonomy lead only; independently source and collate before activation.,https://stotra.vastucart.in/stotra/sharanu-ghosha
vishnu,Shatpadi Stotram,shatpadi-stotram,stotram,6,candidate-unreviewed,Taxonomy lead only; independently source and collate before activation.,https://stotra.vastucart.in/stotra/shatpadi-stotram
hanuman,Shatru Nashak Stotram,shatru-nashak-stotram,stotram,12,candidate-unreviewed,Taxonomy lead only; independently source and collate before activation.,https://stotra.vastucart.in/stotra/shatru-nashak-stotram
vishnu,Shayan Prarthana (Bedtime Prayer),shayan-prarthana,other,6,candidate-unreviewed,Taxonomy lead only; independently source and collate before activation.,https://stotra.vastucart.in/stotra/shayan-prarthana
durga,Sheetala Mata Aarti,sheetala-mata-aarti,aarti,8,handled-separately,See chalisa-aarti-existing-deities.md.,https://stotra.vastucart.in/stotra/sheetala-mata-aarti
shiva,Shiv Aarti - Om Jai Shiv Omkara,shiv-aarti,aarti,8,handled-separately,See chalisa-aarti-existing-deities.md.,https://stotra.vastucart.in/stotra/shiv-aarti
shiva,Shiv Aparadh Kshamapana Stotram,shiv-aparadh-kshamapana-stotram,stotram,10,candidate-unreviewed,Taxonomy lead only; independently source and collate before activation.,https://stotra.vastucart.in/stotra/shiv-aparadh-kshamapana-stotram
shiva,Shiv Chalisa,shiv-chalisa,chalisa,40,handled-separately,See chalisa-aarti-existing-deities.md.,https://stotra.vastucart.in/stotra/shiv-chalisa
shiva,Shiv Kavacham,shiv-kavach,kavacham,9,present,High-confidence match to current Aadhyatma content; verify exact edition before deduplication.,https://stotra.vastucart.in/stotra/shiv-kavach
shiva,Shiv Mahimna Stotram,shiv-mahimna-stotram,stotram,15,candidate-unreviewed,Taxonomy lead only; independently source and collate before activation.,https://stotra.vastucart.in/stotra/shiv-mahimna-stotram
shiva,Shiv Panchakshar Dhun,shiv-panchakshar-dhun,other,8,candidate-unreviewed,Taxonomy lead only; independently source and collate before activation.,https://stotra.vastucart.in/stotra/shiv-panchakshar-dhun
shiva,Shiv Panchakshara Stotram,shiv-panchakshara-stotram,stotram,5,candidate-unreviewed,Taxonomy lead only; independently source and collate before activation.,https://stotra.vastucart.in/stotra/shiv-panchakshara-stotram
shiva,Shiv Sahasranama Stotram,shiv-sahasranama-stotram,sahasranama,13,candidate-unreviewed,Taxonomy lead only; independently source and collate before activation.,https://stotra.vastucart.in/stotra/shiv-sahasranama-stotram
shiva,Shiv Stuti,shiv-stuti,stuti,10,candidate-unreviewed,Taxonomy lead only; independently source and collate before activation.,https://stotra.vastucart.in/stotra/shiv-stuti
shiva,Shiv Tandav Stotram,shiv-tandav-stotram,stotram,6,present,High-confidence match to current Aadhyatma content; verify exact edition before deduplication.,https://stotra.vastucart.in/stotra/shiv-tandav-stotram
shiva,Shiva Aparadha Bhanjana Stotram,shiva-aparadha-stotram,stotram,5,candidate-unreviewed,Taxonomy lead only; independently source and collate before activation.,https://stotra.vastucart.in/stotra/shiva-aparadha-stotram
shiva,Shiva Ashtakam (Tasmai Namah),shiva-ashtakam-prabhu,ashtakam,8,candidate-unreviewed,Taxonomy lead only; independently source and collate before activation.,https://stotra.vastucart.in/stotra/shiva-ashtakam-prabhu
shiva,Shiva Ashtamurti Stotram,shiva-ashtamurti-stotram,stotram,11,candidate-unreviewed,Taxonomy lead only; independently source and collate before activation.,https://stotra.vastucart.in/stotra/shiva-ashtamurti-stotram
shiva,Shiva Ashtottara Shatanamavali,shiva-ashtottara-shatanamavali,namavali,108,candidate-unreviewed,Taxonomy lead only; independently source and collate before activation.,https://stotra.vastucart.in/stotra/shiva-ashtottara-shatanamavali
shiva,Shiva Ashtottara Stotram,shiva-ashtottara-stotram,namavali,108,candidate-unreviewed,Taxonomy lead only; independently source and collate before activation.,https://stotra.vastucart.in/stotra/shiva-ashtottara-stotram
shiva,Shiva Bhujanga Stotram,shiv-bhujanga-stotram,stotram,15,candidate-unreviewed,Taxonomy lead only; independently source and collate before activation.,https://stotra.vastucart.in/stotra/shiv-bhujanga-stotram
shiva,Shiva Dashakam,shiv-dashakam,other,10,candidate-unreviewed,Taxonomy lead only; independently source and collate before activation.,https://stotra.vastucart.in/stotra/shiv-dashakam
shiva,Shiva Dhyanam,shiva-dhyanam,dhyanam,8,candidate-unreviewed,Taxonomy lead only; independently source and collate before activation.,https://stotra.vastucart.in/stotra/shiva-dhyanam
shiva,Shiva Dwadash Nama Stotram,shiva-dwadash-nama,namavali,8,candidate-unreviewed,Taxonomy lead only; independently source and collate before activation.,https://stotra.vastucart.in/stotra/shiva-dwadash-nama
shiva,Shiva Gayatri Mantra,shiva-gayatri,mantra,5,candidate-unreviewed,Taxonomy lead only; independently source and collate before activation.,https://stotra.vastucart.in/stotra/shiva-gayatri
shiva,Shiva Hridayam,shiva-hridayam,hridayam,8,candidate-unreviewed,Taxonomy lead only; independently source and collate before activation.,https://stotra.vastucart.in/stotra/shiva-hridayam
shiva,Shiva Manasa Puja,shiv-manasa-puja,ritual,5,candidate-unreviewed,Taxonomy lead only; independently source and collate before activation.,https://stotra.vastucart.in/stotra/shiv-manasa-puja
shiva,Shiva Mangalashtakam,shiva-mangalashtakam,ashtakam,8,candidate-unreviewed,Taxonomy lead only; independently source and collate before activation.,https://stotra.vastucart.in/stotra/shiva-mangalashtakam
shiva,Shiva Namavali Ashtakam,shiva-namavali-ashtakam,namavali,8,candidate-unreviewed,Taxonomy lead only; independently source and collate before activation.,https://stotra.vastucart.in/stotra/shiva-namavali-ashtakam
shiva,Shiva Panchakam,shiv-panchakam,other,5,candidate-unreviewed,Taxonomy lead only; independently source and collate before activation.,https://stotra.vastucart.in/stotra/shiv-panchakam
shiva,Shiva Pancharatnam,shiva-pancharatnam,pancharatnam,5,candidate-unreviewed,Taxonomy lead only; independently source and collate before activation.,https://stotra.vastucart.in/stotra/shiva-pancharatnam
shiva,Shiva Panchavaktra Stotram,shiva-panchavaktra-stotram,stotram,10,candidate-unreviewed,Taxonomy lead only; independently source and collate before activation.,https://stotra.vastucart.in/stotra/shiva-panchavaktra-stotram
shiva,Shiva Raksha Stotram,shiva-raksha-stotram,stotram,10,candidate-unreviewed,Taxonomy lead only; independently source and collate before activation.,https://stotra.vastucart.in/stotra/shiva-raksha-stotram
shiva,Shiva Sankalpa Suktam,shiv-sankalpa-suktam,suktam,6,candidate-unreviewed,Taxonomy lead only; independently source and collate before activation.,https://stotra.vastucart.in/stotra/shiv-sankalpa-suktam
shiva,Shiva Shadakshara Stotram,shiv-shadakshara-stotram,stotram,6,candidate-unreviewed,Taxonomy lead only; independently source and collate before activation.,https://stotra.vastucart.in/stotra/shiv-shadakshara-stotram
shiva,Shiva Stuti from Ramayana,shiva-stuti-ramayana,stuti,8,candidate-unreviewed,Taxonomy lead only; independently source and collate before activation.,https://stotra.vastucart.in/stotra/shiva-stuti-ramayana
shiva,Shiva Tandava Dhun,shiva-tandava-dhun,other,5,candidate-unreviewed,Taxonomy lead only; independently source and collate before activation.,https://stotra.vastucart.in/stotra/shiva-tandava-dhun
shiva,Shiva Tatva Stotram,shiva-tatva-stotram,stotram,9,candidate-unreviewed,Taxonomy lead only; independently source and collate before activation.,https://stotra.vastucart.in/stotra/shiva-tatva-stotram
shiva,Shivananda Lahari,shivananda-lahari,stotram,8,candidate-unreviewed,Taxonomy lead only; independently source and collate before activation.,https://stotra.vastucart.in/stotra/shivananda-lahari
shiva,Shivananda Lahari Excerpt,shivananda-lahari-excerpt,stotram,5,candidate-unreviewed,Taxonomy lead only; independently source and collate before activation.,https://stotra.vastucart.in/stotra/shivananda-lahari-excerpt
shiva,Shivashtakam,shivashtakam,ashtakam,8,candidate-unreviewed,Taxonomy lead only; independently source and collate before activation.,https://stotra.vastucart.in/stotra/shivashtakam
ganesha,Shodasha Ganapati Stotram,shodasha-ganapati-stotram,stotram,16,candidate-unreviewed,Taxonomy lead only; independently source and collate before activation.,https://stotra.vastucart.in/stotra/shodasha-ganapati-stotram
durga,Shodashi Stotram,shodashi-stotram,stotram,14,candidate-unreviewed,Taxonomy lead only; independently source and collate before activation.,https://stotra.vastucart.in/stotra/shodashi-stotram
vishnu,Shraddha Mantras,shraddha-mantras,mantra,18,candidate-unreviewed,Taxonomy lead only; independently source and collate before activation.,https://stotra.vastucart.in/stotra/shraddha-mantras
vishnu,Shri Hari Stuti,shri-hari-stuti,stuti,8,candidate-unreviewed,Taxonomy lead only; independently source and collate before activation.,https://stotra.vastucart.in/stotra/shri-hari-stuti
krishna,Shri Krishna Sharanam Mamah,shri-krishna-sharanam-mamah,other,7,candidate-unreviewed,Taxonomy lead only; independently source and collate before activation.,https://stotra.vastucart.in/stotra/shri-krishna-sharanam-mamah
vishnu,Shri Suktam,shri-suktam,suktam,15,candidate-unreviewed,Taxonomy lead only; independently source and collate before activation.,https://stotra.vastucart.in/stotra/shri-suktam
krishna,Shrinathji Aarti,shrinathji-aarti,aarti,5,handled-separately,See chalisa-aarti-existing-deities.md.,https://stotra.vastucart.in/stotra/shrinathji-aarti
krishna,Shrinathji Chalisa,shrinathji-chalisa,chalisa,40,handled-separately,See chalisa-aarti-existing-deities.md.,https://stotra.vastucart.in/stotra/shrinathji-chalisa
krishna,Shrinathji Stotram,shrinathji-stotram,stotram,8,candidate-unreviewed,Taxonomy lead only; independently source and collate before activation.,https://stotra.vastucart.in/stotra/shrinathji-stotram
vishnu,Shruti Gita,shruti-gita,gita,7,candidate-unreviewed,Taxonomy lead only; independently source and collate before activation.,https://stotra.vastucart.in/stotra/shruti-gita
vishnu,Shuka Stuti,shuka-stuti,stuti,7,candidate-unreviewed,Taxonomy lead only; independently source and collate before activation.,https://stotra.vastucart.in/stotra/shuka-stuti
navagraha,Shukra Kavacham,shukra-kavacham,kavacham,7,candidate-unreviewed,Taxonomy lead only; independently source and collate before activation.,https://stotra.vastucart.in/stotra/shukra-kavacham
navagraha,Shukra Sahasranama Stotram,shukra-sahasranama,sahasranama,23,candidate-unreviewed,Taxonomy lead only; independently source and collate before activation.,https://stotra.vastucart.in/stotra/shukra-sahasranama
navagraha,Shukra Stotra,shukra-stotra,stotram,8,candidate-unreviewed,Taxonomy lead only; independently source and collate before activation.,https://stotra.vastucart.in/stotra/shukra-stotra
navagraha,Shukra Stotram,shukra-stotram,stotram,5,candidate-unreviewed,Taxonomy lead only; independently source and collate before activation.,https://stotra.vastucart.in/stotra/shukra-stotram
lakshmi,Shukravar Vrat Katha (Friday Fasting Story),shukravar-vrat-katha,katha,12,candidate-unreviewed,Taxonomy lead only; independently source and collate before activation.,https://stotra.vastucart.in/stotra/shukravar-vrat-katha
shiva,Shvetashvatara Upanishad Key Verses,shvetashvatara-upanishad-key-verses,upanishad,11,candidate-unreviewed,Taxonomy lead only; independently source and collate before activation.,https://stotra.vastucart.in/stotra/shvetashvatara-upanishad-key-verses
krishna,Shyama Sundara Stotram,shyama-sundara-stotram,stotram,8,candidate-unreviewed,Taxonomy lead only; independently source and collate before activation.,https://stotra.vastucart.in/stotra/shyama-sundara-stotram
saraswati,Shyamala Dandakam,shyamala-dandakam,dandakam,12,candidate-unreviewed,Taxonomy lead only; independently source and collate before activation.,https://stotra.vastucart.in/stotra/shyamala-dandakam
durga,Siddha Kunjika Stotram,siddha-kunjika-stotram,stotram,15,candidate-unreviewed,Taxonomy lead only; independently source and collate before activation.,https://stotra.vastucart.in/stotra/siddha-kunjika-stotram
ganesha,Siddhi Vinayak Stotram,siddhi-vinayak-stotram,stotram,7,candidate-unreviewed,Taxonomy lead only; independently source and collate before activation.,https://stotra.vastucart.in/stotra/siddhi-vinayak-stotram
durga,Siddhidatri Stotram,siddhidatri-stotram,stotram,11,candidate-unreviewed,Taxonomy lead only; independently source and collate before activation.,https://stotra.vastucart.in/stotra/siddhidatri-stotram
rama,Sita Ram Stuti,sita-ram-stuti,stuti,13,candidate-unreviewed,Taxonomy lead only; independently source and collate before activation.,https://stotra.vastucart.in/stotra/sita-ram-stuti
kartikeya,Skanda Sashti Kavacham,skanda-sashti-kavacham,kavacham,12,candidate-unreviewed,Taxonomy lead only; independently source and collate before activation.,https://stotra.vastucart.in/stotra/skanda-sashti-kavacham
durga,Skandamata Stotram,skandamata-stotram,stotram,10,candidate-unreviewed,Taxonomy lead only; independently source and collate before activation.,https://stotra.vastucart.in/stotra/skandamata-stotram
shiva,Soma Suktam,soma-suktam,suktam,8,candidate-unreviewed,Taxonomy lead only; independently source and collate before activation.,https://stotra.vastucart.in/stotra/soma-suktam
shiva,Somnath Stotram,somnath-stotram,stotram,10,candidate-unreviewed,Taxonomy lead only; independently source and collate before activation.,https://stotra.vastucart.in/stotra/somnath-stotram
shiva,Somvar Vrat Katha (Monday Fasting Story),somvar-vrat-katha,katha,15,candidate-unreviewed,Taxonomy lead only; independently source and collate before activation.,https://stotra.vastucart.in/stotra/somvar-vrat-katha
parvati,Soundarya Lahari,soundarya-lahari,stotram,9,candidate-unreviewed,Taxonomy lead only; independently source and collate before activation.,https://stotra.vastucart.in/stotra/soundarya-lahari
parvati,Soundarya Lahari Excerpt,soundarya-lahari-excerpt,stotram,5,candidate-unreviewed,Taxonomy lead only; independently source and collate before activation.,https://stotra.vastucart.in/stotra/soundarya-lahari-excerpt
shiva,Sri Rudram Namakam,sri-rudram-namakam,suktam,66,candidate-unreviewed,Taxonomy lead only; independently source and collate before activation.,https://stotra.vastucart.in/stotra/sri-rudram-namakam
lakshmi,Sri Stuti,sri-stuti,stuti,9,candidate-unreviewed,Taxonomy lead only; independently source and collate before activation.,https://stotra.vastucart.in/stotra/sri-stuti
lakshmi,Sri Suktam,sri-suktam,suktam,7,candidate-unreviewed,Taxonomy lead only; independently source and collate before activation.,https://stotra.vastucart.in/stotra/sri-suktam
vishnu,Sri Venkatesha Mangalashasanam,sri-venkatesha-mangalashasanam,other,9,candidate-unreviewed,Taxonomy lead only; independently source and collate before activation.,https://stotra.vastucart.in/stotra/sri-venkatesha-mangalashasanam
durga,Sri Yantra Stotram,sri-yantra-stotram,stotram,10,candidate-unreviewed,Taxonomy lead only; independently source and collate before activation.,https://stotra.vastucart.in/stotra/sri-yantra-stotram
vishnu,Subhashita Ratnavali,subhashita-ratnavali,other,12,candidate-unreviewed,Taxonomy lead only; independently source and collate before activation.,https://stotra.vastucart.in/stotra/subhashita-ratnavali
kartikeya,Subrahmanya Ashtakam,subrahmanya-ashtakam,ashtakam,8,present,High-confidence match to current Aadhyatma content; verify exact edition before deduplication.,https://stotra.vastucart.in/stotra/subrahmanya-ashtakam
kartikeya,Subrahmanya Bhujangam,subrahmanya-bhujangam,stotram,16,candidate-unreviewed,Taxonomy lead only; independently source and collate before activation.,https://stotra.vastucart.in/stotra/subrahmanya-bhujangam
kartikeya,Subrahmanya Gayatri,subrahmanya-gayatri,mantra,7,candidate-unreviewed,Taxonomy lead only; independently source and collate before activation.,https://stotra.vastucart.in/stotra/subrahmanya-gayatri
kartikeya,Subrahmanya Kavacham,subrahmanya-kavacham,kavacham,7,candidate-unreviewed,Taxonomy lead only; independently source and collate before activation.,https://stotra.vastucart.in/stotra/subrahmanya-kavacham
vishnu,Sudarshana Ashtakam,sudarshana-ashtakam,ashtakam,8,candidate-unreviewed,Taxonomy lead only; independently source and collate before activation.,https://stotra.vastucart.in/stotra/sudarshana-ashtakam
hanuman,Sundarkand Full Path - Key Dohas & Chaupais,sundarkand-full-path,other,16,present,High-confidence match to current Aadhyatma content; verify exact edition before deduplication.,https://stotra.vastucart.in/stotra/sundarkand-full-path
hanuman,Sundarkand Hanuman Stuti,sundarkand-hanuman-stuti,stuti,16,candidate-unreviewed,Taxonomy lead only; independently source and collate before activation.,https://stotra.vastucart.in/stotra/sundarkand-hanuman-stuti
krishna,Surdas Pad Key Verses,surdas-pad-key-verses,other,5,candidate-unreviewed,Taxonomy lead only; independently source and collate before activation.,https://stotra.vastucart.in/stotra/surdas-pad-key-verses
surya,Surya Ashtakam,surya-ashtakam,ashtakam,8,present,High-confidence match to current Aadhyatma content; verify exact edition before deduplication.,https://stotra.vastucart.in/stotra/surya-ashtakam
surya,Surya Ashtottara Shatanamavali,surya-ashtottara-shatanamavali,namavali,108,candidate-unreviewed,Taxonomy lead only; independently source and collate before activation.,https://stotra.vastucart.in/stotra/surya-ashtottara-shatanamavali
surya,Surya Chalisa,surya-chalisa,chalisa,40,handled-separately,See chalisa-aarti-existing-deities.md.,https://stotra.vastucart.in/stotra/surya-chalisa
surya,Surya Dvadash Nama Stotram,surya-dvadash-nama,namavali,8,candidate-unreviewed,Taxonomy lead only; independently source and collate before activation.,https://stotra.vastucart.in/stotra/surya-dvadash-nama
surya,Surya Gayatri,surya-gayatri,mantra,3,candidate-unreviewed,Taxonomy lead only; independently source and collate before activation.,https://stotra.vastucart.in/stotra/surya-gayatri
surya,Surya Hridayam,surya-hridayam,hridayam,12,candidate-unreviewed,Taxonomy lead only; independently source and collate before activation.,https://stotra.vastucart.in/stotra/surya-hridayam
surya,Surya Kavacham,surya-kavacham,kavacham,9,candidate-unreviewed,Taxonomy lead only; independently source and collate before activation.,https://stotra.vastucart.in/stotra/surya-kavacham
surya,Surya Mandala Stotram,surya-mandala-stotram,stotram,11,candidate-unreviewed,Taxonomy lead only; independently source and collate before activation.,https://stotra.vastucart.in/stotra/surya-mandala-stotram
surya,Surya Mangalashtakam,surya-mangalashtakam,ashtakam,8,candidate-unreviewed,Taxonomy lead only; independently source and collate before activation.,https://stotra.vastucart.in/stotra/surya-mangalashtakam
surya,Surya Namaskar Mantra,surya-namaskar-mantra,mantra,12,partial,Aadhyatma has only an excerpt or narrower treatment.,https://stotra.vastucart.in/stotra/surya-namaskar-mantra
surya,Surya Pancharatnam,surya-pancharatnam,pancharatnam,5,candidate-unreviewed,Taxonomy lead only; independently source and collate before activation.,https://stotra.vastucart.in/stotra/surya-pancharatnam
surya,Surya Sahasranama Dhyanam,surya-sahasranama-dhyanam,sahasranama,10,candidate-unreviewed,Taxonomy lead only; independently source and collate before activation.,https://stotra.vastucart.in/stotra/surya-sahasranama-dhyanam
surya,Surya Sahasranama Stotram,surya-sahasranama-full,sahasranama,25,candidate-unreviewed,Taxonomy lead only; independently source and collate before activation.,https://stotra.vastucart.in/stotra/surya-sahasranama-full
surya,Surya Stotram,surya-stotram,stotram,12,candidate-unreviewed,Taxonomy lead only; independently source and collate before activation.,https://stotra.vastucart.in/stotra/surya-stotram
surya,Suryopasana Stotram,suryopasana-stotram,stotram,8,candidate-unreviewed,Taxonomy lead only; independently source and collate before activation.,https://stotra.vastucart.in/stotra/suryopasana-stotram
vishnu,Taittiriya Upanishad Shiksha Valli,taittiriya-upanishad-shiksha-valli,upanishad,12,candidate-unreviewed,Taxonomy lead only; independently source and collate before activation.,https://stotra.vastucart.in/stotra/taittiriya-upanishad-shiksha-valli
kali,Tara Kavacham,tara-kavacham,kavacham,8,candidate-unreviewed,Taxonomy lead only; independently source and collate before activation.,https://stotra.vastucart.in/stotra/tara-kavacham
kali,Tara Stotram,tara-stotram,stotram,10,candidate-unreviewed,Taxonomy lead only; independently source and collate before activation.,https://stotra.vastucart.in/stotra/tara-stotram
shiva,Tattva Bodha Key Verses,tattva-bodha-key-verses,other,15,candidate-unreviewed,Taxonomy lead only; independently source and collate before activation.,https://stotra.vastucart.in/stotra/tattva-bodha-key-verses
kartikeya,Thiruchendur Stotram,thiruchendur-stotram,stotram,8,candidate-unreviewed,Taxonomy lead only; independently source and collate before activation.,https://stotra.vastucart.in/stotra/thiruchendur-stotram
krishna,Thiruppavai,thiruppavai,other,30,candidate-unreviewed,Taxonomy lead only; independently source and collate before activation.,https://stotra.vastucart.in/stotra/thiruppavai
vishnu,Tirupati Stotram,tirupati-stotram,stotram,11,candidate-unreviewed,Taxonomy lead only; independently source and collate before activation.,https://stotra.vastucart.in/stotra/tirupati-stotram
shiva,Totakashtakam,totakashtakam,ashtakam,8,candidate-unreviewed,Taxonomy lead only; independently source and collate before activation.,https://stotra.vastucart.in/stotra/totakashtakam
shiva,Trayodash Shiv Naam (13 Names of Shiva),trayodash-shiv-naam,other,3,candidate-unreviewed,Taxonomy lead only; independently source and collate before activation.,https://stotra.vastucart.in/stotra/trayodash-shiv-naam
shiva,Trimbakeshwar Stotram,trimbakeshwar-stotram,stotram,11,candidate-unreviewed,Taxonomy lead only; independently source and collate before activation.,https://stotra.vastucart.in/stotra/trimbakeshwar-stotram
parvati,Tripura Sundari Ashtakam,tripura-sundari-ashtakam,ashtakam,8,candidate-unreviewed,Taxonomy lead only; independently source and collate before activation.,https://stotra.vastucart.in/stotra/tripura-sundari-ashtakam
parvati,Tripura Sundari Kavacham,tripura-sundari-kavacham,kavacham,9,candidate-unreviewed,Taxonomy lead only; independently source and collate before activation.,https://stotra.vastucart.in/stotra/tripura-sundari-kavacham
parvati,Tripura Sundari Pancharatnam,tripura-sundari-pancharatnam,pancharatnam,5,candidate-unreviewed,Taxonomy lead only; independently source and collate before activation.,https://stotra.vastucart.in/stotra/tripura-sundari-pancharatnam
parvati,Tripura Sundari Sahasranama,tripura-sundari-sahasranama,sahasranama,12,candidate-unreviewed,Taxonomy lead only; independently source and collate before activation.,https://stotra.vastucart.in/stotra/tripura-sundari-sahasranama
parvati,Tripura Sundari Stotram,tripura-sundari-stotram,stotram,8,candidate-unreviewed,Taxonomy lead only; independently source and collate before activation.,https://stotra.vastucart.in/stotra/tripura-sundari-stotram
shiva,Tripurantaka Stotram,tripurantaka-stotram,stotram,8,candidate-unreviewed,Taxonomy lead only; independently source and collate before activation.,https://stotra.vastucart.in/stotra/tripurantaka-stotram
vishnu,Tulsi Aarti,tulsi-aarti,aarti,5,handled-separately,See chalisa-aarti-existing-deities.md.,https://stotra.vastucart.in/stotra/tulsi-aarti
vishnu,Tulsi Stotram,tulsi-stotram,stotram,8,candidate-unreviewed,Taxonomy lead only; independently source and collate before activation.,https://stotra.vastucart.in/stotra/tulsi-stotram
vishnu,Tulsi Vivah Katha,tulsi-vivah-katha,katha,14,candidate-unreviewed,Taxonomy lead only; independently source and collate before activation.,https://stotra.vastucart.in/stotra/tulsi-vivah-katha
vishnu,Tulsi Vivah Stotram,tulsi-vivah-stotram,stotram,12,candidate-unreviewed,Taxonomy lead only; independently source and collate before activation.,https://stotra.vastucart.in/stotra/tulsi-vivah-stotram
krishna,Uddhava Gita - Key Verses,uddhava-gita-key-verses,gita,10,candidate-unreviewed,Taxonomy lead only; independently source and collate before activation.,https://stotra.vastucart.in/stotra/uddhava-gita-key-verses
narasimha,Ugra Narasimha Stotram,ugra-narasimha-stotram,stotram,8,candidate-unreviewed,Taxonomy lead only; independently source and collate before activation.,https://stotra.vastucart.in/stotra/ugra-narasimha-stotram
shiva,Uma Maheshwara Stotram,uma-maheshwara-stotram,stotram,11,candidate-unreviewed,Taxonomy lead only; independently source and collate before activation.,https://stotra.vastucart.in/stotra/uma-maheshwara-stotram
parvati,Uma Stuti,uma-stuti,stuti,8,candidate-unreviewed,Taxonomy lead only; independently source and collate before activation.,https://stotra.vastucart.in/stotra/uma-stuti
surya,Ushas Suktam,ushas-suktam,suktam,8,candidate-unreviewed,Taxonomy lead only; independently source and collate before activation.,https://stotra.vastucart.in/stotra/ushas-suktam
lakshmi,Vaibhava Lakshmi Vrat Katha,vaibhava-lakshmi-vrat-katha,katha,16,candidate-unreviewed,Taxonomy lead only; independently source and collate before activation.,https://stotra.vastucart.in/stotra/vaibhava-lakshmi-vrat-katha
shiva,Vaidyanath Stotram,vaidyanath-stotram,stotram,10,candidate-unreviewed,Taxonomy lead only; independently source and collate before activation.,https://stotra.vastucart.in/stotra/vaidyanath-stotram
rama,Vairagya Sandipani,vairagya-sandipani,other,12,candidate-unreviewed,Taxonomy lead only; independently source and collate before activation.,https://stotra.vastucart.in/stotra/vairagya-sandipani
shiva,Vairagya Shatakam,vairagya-shatakam,stotram,10,candidate-unreviewed,Taxonomy lead only; independently source and collate before activation.,https://stotra.vastucart.in/stotra/vairagya-shatakam
durga,Vaishno Devi Aarti,vaishno-devi-aarti,aarti,9,handled-separately,See chalisa-aarti-existing-deities.md.,https://stotra.vastucart.in/stotra/vaishno-devi-aarti
durga,Vaishno Devi Chalisa,vaishno-devi-chalisa,chalisa,40,handled-separately,See chalisa-aarti-existing-deities.md.,https://stotra.vastucart.in/stotra/vaishno-devi-chalisa
ganesha,Vakratunda Mahakaya - Ganesh Dhyanam,vakratunda-mahakaya,dhyanam,11,present,High-confidence match to current Aadhyatma content; verify exact edition before deduplication.,https://stotra.vastucart.in/stotra/vakratunda-mahakaya
krishna,Vallabhacharya Ashtakam,vallabhacharya-ashtakam,ashtakam,8,candidate-unreviewed,Taxonomy lead only; independently source and collate before activation.,https://stotra.vastucart.in/stotra/vallabhacharya-ashtakam
vishnu,Vamana Stotram,vamana-stotram,stotram,11,candidate-unreviewed,Taxonomy lead only; independently source and collate before activation.,https://stotra.vastucart.in/stotra/vamana-stotram
vishnu,Varaha Stotram,varaha-stotram,stotram,10,candidate-unreviewed,Taxonomy lead only; independently source and collate before activation.,https://stotra.vastucart.in/stotra/varaha-stotram
lakshmi,Varalakshmi Stotram,varalakshmi-stotram,stotram,14,candidate-unreviewed,Taxonomy lead only; independently source and collate before activation.,https://stotra.vastucart.in/stotra/varalakshmi-stotram
vishnu,Varuna Suktam,varuna-suktam,suktam,11,candidate-unreviewed,Taxonomy lead only; independently source and collate before activation.,https://stotra.vastucart.in/stotra/varuna-suktam
vishnu,Vashikaran Nivaran Stotram,vashikaran-nivaran-stotram,stotram,8,candidate-unreviewed,Taxonomy lead only; independently source and collate before activation.,https://stotra.vastucart.in/stotra/vashikaran-nivaran-stotram
vishnu,Vastu Dosh Nivaran Mantra,vastu-dosh-nivaran-mantra,mantra,9,candidate-unreviewed,Taxonomy lead only; independently source and collate before activation.,https://stotra.vastucart.in/stotra/vastu-dosh-nivaran-mantra
vishnu,Vastu Purusha Gayatri,vastu-purusha-gayatri,mantra,7,candidate-unreviewed,Taxonomy lead only; independently source and collate before activation.,https://stotra.vastucart.in/stotra/vastu-purusha-gayatri
vishnu,Vastu Purusha Stotram,vastu-purusha-stotram,stotram,8,candidate-unreviewed,Taxonomy lead only; independently source and collate before activation.,https://stotra.vastucart.in/stotra/vastu-purusha-stotram
vishnu,Vastu Shanti Stotram,vastu-shanti-stotram,stotram,10,candidate-unreviewed,Taxonomy lead only; independently source and collate before activation.,https://stotra.vastucart.in/stotra/vastu-shanti-stotram
krishna,Vasudeva Ashtakam,vasudeva-ashtakam,ashtakam,8,candidate-unreviewed,Taxonomy lead only; independently source and collate before activation.,https://stotra.vastucart.in/stotra/vasudeva-ashtakam
vishnu,Vasudeva Stotram,vasudeva-stotram,stotram,8,candidate-unreviewed,Taxonomy lead only; independently source and collate before activation.,https://stotra.vastucart.in/stotra/vasudeva-stotram
parvati,Vat Savitri Vrat Katha,vat-savitri-vrat-katha,katha,25,candidate-unreviewed,Taxonomy lead only; independently source and collate before activation.,https://stotra.vastucart.in/stotra/vat-savitri-vrat-katha
shiva,Vedasara Shiva Stotram,vedasara-shiva-stotram,stotram,11,candidate-unreviewed,Taxonomy lead only; independently source and collate before activation.,https://stotra.vastucart.in/stotra/vedasara-shiva-stotram
vishnu,Venkatesha Prapatti,venkatesha-prapatti,other,7,candidate-unreviewed,Taxonomy lead only; independently source and collate before activation.,https://stotra.vastucart.in/stotra/venkatesha-prapatti
vishnu,Venkateswara Stotram,venkateswara-stotram,stotram,9,candidate-unreviewed,Taxonomy lead only; independently source and collate before activation.,https://stotra.vastucart.in/stotra/venkateswara-stotram
vishnu,Venkateswara Suprabhatam,venkateswara-suprabhatam,other,12,candidate-unreviewed,Taxonomy lead only; independently source and collate before activation.,https://stotra.vastucart.in/stotra/venkateswara-suprabhatam
krishna,Venugeet,venugeet,other,11,candidate-unreviewed,Taxonomy lead only; independently source and collate before activation.,https://stotra.vastucart.in/stotra/venugeet
saraswati,Vidya Prapti Stotram,vidya-prapti-stotram,stotram,9,candidate-unreviewed,Taxonomy lead only; independently source and collate before activation.,https://stotra.vastucart.in/stotra/vidya-prapti-stotram
rama,Vinay Patrika - Key Verses,vinay-patrika-key-verses,other,12,candidate-unreviewed,Taxonomy lead only; independently source and collate before activation.,https://stotra.vastucart.in/stotra/vinay-patrika-key-verses
ganesha,Vinayaka Chaturthi Vrat Katha,vinayaka-chaturthi-vrat-katha,katha,18,candidate-unreviewed,Taxonomy lead only; independently source and collate before activation.,https://stotra.vastucart.in/stotra/vinayaka-chaturthi-vrat-katha
durga,Vindhyavasini Stotram,vindhyavasini-stotram,stotram,13,candidate-unreviewed,Taxonomy lead only; independently source and collate before activation.,https://stotra.vastucart.in/stotra/vindhyavasini-stotram
durga,Vindyeshwari Chalisa,vindyeshwari-chalisa,chalisa,40,handled-separately,See chalisa-aarti-existing-deities.md.,https://stotra.vastucart.in/stotra/vindyeshwari-chalisa
shiva,Virupaksha Stotram,virupaksha-stotram,stotram,11,candidate-unreviewed,Taxonomy lead only; independently source and collate before activation.,https://stotra.vastucart.in/stotra/virupaksha-stotram
vishnu,Vishnu Aarti - Om Jai Lakshmi Ramana,vishnu-aarti,aarti,8,handled-separately,See chalisa-aarti-existing-deities.md.,https://stotra.vastucart.in/stotra/vishnu-aarti
vishnu,Vishnu Ashtakam,vishnu-ashtakam,ashtakam,8,candidate-unreviewed,Taxonomy lead only; independently source and collate before activation.,https://stotra.vastucart.in/stotra/vishnu-ashtakam
vishnu,Vishnu Ashtottara Shatanamavali,vishnu-ashtottara-shatanamavali,namavali,108,candidate-unreviewed,Taxonomy lead only; independently source and collate before activation.,https://stotra.vastucart.in/stotra/vishnu-ashtottara-shatanamavali
vishnu,Vishnu Bhujanga Stotram,vishnu-bhujanga-stotram,stotram,7,candidate-unreviewed,Taxonomy lead only; independently source and collate before activation.,https://stotra.vastucart.in/stotra/vishnu-bhujanga-stotram
vishnu,Vishnu Chalisa,vishnu-chalisa,chalisa,42,handled-separately,See chalisa-aarti-existing-deities.md.,https://stotra.vastucart.in/stotra/vishnu-chalisa
vishnu,Vishnu Dhyanam,vishnu-dhyanam,dhyanam,9,candidate-unreviewed,Taxonomy lead only; independently source and collate before activation.,https://stotra.vastucart.in/stotra/vishnu-dhyanam
vishnu,Vishnu Dwadash Nama Stotram,vishnu-dwadash-nama,namavali,12,candidate-unreviewed,Taxonomy lead only; independently source and collate before activation.,https://stotra.vastucart.in/stotra/vishnu-dwadash-nama
vishnu,Vishnu Gayatri Mantra,vishnu-gayatri,mantra,5,candidate-unreviewed,Taxonomy lead only; independently source and collate before activation.,https://stotra.vastucart.in/stotra/vishnu-gayatri
vishnu,Vishnu Hridayam,vishnu-hridayam,hridayam,8,candidate-unreviewed,Taxonomy lead only; independently source and collate before activation.,https://stotra.vastucart.in/stotra/vishnu-hridayam
vishnu,Vishnu Kavacham,vishnu-kavacham,kavacham,11,candidate-unreviewed,Taxonomy lead only; independently source and collate before activation.,https://stotra.vastucart.in/stotra/vishnu-kavacham
vishnu,Vishnu Mangala Stotram,vishnu-mangala-stotram,stotram,8,candidate-unreviewed,Taxonomy lead only; independently source and collate before activation.,https://stotra.vastucart.in/stotra/vishnu-mangala-stotram
vishnu,Vishnu Mangalashtakam,vishnu-mangalashtakam,ashtakam,8,candidate-unreviewed,Taxonomy lead only; independently source and collate before activation.,https://stotra.vastucart.in/stotra/vishnu-mangalashtakam
vishnu,Vishnu Padadikeshanta Stotram,vishnu-padadikeshanta-stotram,stotram,8,candidate-unreviewed,Taxonomy lead only; independently source and collate before activation.,https://stotra.vastucart.in/stotra/vishnu-padadikeshanta-stotram
vishnu,Vishnu Pancharatnam,vishnu-pancharatnam,pancharatnam,5,candidate-unreviewed,Taxonomy lead only; independently source and collate before activation.,https://stotra.vastucart.in/stotra/vishnu-pancharatnam
vishnu,Vishnu Panjara Stotram,vishnu-panjara-stotram,stotram,11,candidate-unreviewed,Taxonomy lead only; independently source and collate before activation.,https://stotra.vastucart.in/stotra/vishnu-panjara-stotram
vishnu,Vishnu Sahasranama Dhyanam,vishnu-sahasranama-dhyanam,sahasranama,6,candidate-unreviewed,Taxonomy lead only; independently source and collate before activation.,https://stotra.vastucart.in/stotra/vishnu-sahasranama-dhyanam
vishnu,Vishnu Sahasranama Phala Shruti,vishnu-sahasranama-phala-shruti,sahasranama,13,candidate-unreviewed,Taxonomy lead only; independently source and collate before activation.,https://stotra.vastucart.in/stotra/vishnu-sahasranama-phala-shruti
vishnu,Vishnu Sahasranama Stotram,vishnu-sahasranama,sahasranama,142,partial,Aadhyatma has only an excerpt or narrower treatment.,https://stotra.vastucart.in/stotra/vishnu-sahasranama
vishnu,Vishnu Shodasha Nama Stotram,vishnu-shodasha-nama,namavali,5,candidate-unreviewed,Taxonomy lead only; independently source and collate before activation.,https://stotra.vastucart.in/stotra/vishnu-shodasha-nama
vishnu,Vishnu Shodashopachara Puja,vishnu-shodashopachara-puja,ritual,16,candidate-unreviewed,Taxonomy lead only; independently source and collate before activation.,https://stotra.vastucart.in/stotra/vishnu-shodashopachara-puja
vishnu,Vishnu Stotram,vishnu-stotram,stotram,15,candidate-unreviewed,Taxonomy lead only; independently source and collate before activation.,https://stotra.vastucart.in/stotra/vishnu-stotram
vishnu,Vishnu Stuti,vishnu-stuti,stuti,9,candidate-unreviewed,Taxonomy lead only; independently source and collate before activation.,https://stotra.vastucart.in/stotra/vishnu-stuti
vishnu,Vishnu Suktam,vishnu-suktam,suktam,6,candidate-unreviewed,Taxonomy lead only; independently source and collate before activation.,https://stotra.vastucart.in/stotra/vishnu-suktam
vishnu,Vishwakarma Aarti,vishwakarma-aarti,aarti,7,handled-separately,See chalisa-aarti-existing-deities.md.,https://stotra.vastucart.in/stotra/vishwakarma-aarti
vishnu,Vishwakarma Chalisa,vishwakarma-chalisa,chalisa,10,handled-separately,See chalisa-aarti-existing-deities.md.,https://stotra.vastucart.in/stotra/vishwakarma-chalisa
shiva,Vishwanatha Ashtakam,vishwanatha-ashtakam,ashtakam,8,candidate-unreviewed,Taxonomy lead only; independently source and collate before activation.,https://stotra.vastucart.in/stotra/vishwanatha-ashtakam
rama,Vivaha Panchami Stotram,vivaha-panchami-stotram,stotram,10,candidate-unreviewed,Taxonomy lead only; independently source and collate before activation.,https://stotra.vastucart.in/stotra/vivaha-panchami-stotram
parvati,Vivaha Prapti Stotram,vivaha-prapti-stotram,stotram,8,candidate-unreviewed,Taxonomy lead only; independently source and collate before activation.,https://stotra.vastucart.in/stotra/vivaha-prapti-stotram
shiva,Vivekachudamani Key Verses,vivekachudamani-key-verses,other,10,candidate-unreviewed,Taxonomy lead only; independently source and collate before activation.,https://stotra.vastucart.in/stotra/vivekachudamani-key-verses
krishna,Vrindavan Stuti,vrindavan-stuti,stuti,8,candidate-unreviewed,Taxonomy lead only; independently source and collate before activation.,https://stotra.vastucart.in/stotra/vrindavan-stuti
krishna,Yamuna Stotram,yamuna-stotram,stotram,6,candidate-unreviewed,Taxonomy lead only; independently source and collate before activation.,https://stotra.vastucart.in/stotra/yamuna-stotram
krishna,Yamunashtak,yamunashtak,ashtakam,8,candidate-unreviewed,Taxonomy lead only; independently source and collate before activation.,https://stotra.vastucart.in/stotra/yamunashtak
rama,Yoga Vasishtha Key Verses,yoga-vasishtha-key-verses,other,10,candidate-unreviewed,Taxonomy lead only; independently source and collate before activation.,https://stotra.vastucart.in/stotra/yoga-vasishtha-key-verses
